"id","aircaft_event_id","company_id","airline_id","company_name","occurrence_date","dt","occurrence_title","description","occurrence_title_eng","investigation_status_id","investigation_status_name","event_type_id","occurrence_type_id","occurrence_type_name","event_type_title","aircraft_id","aircraft_number","aircraft_type_id","aircraft_type_name","airport_id","airport_name","airport","icao","iata","flight_number","actual_leg_id","occurrence_code_id","occurrence_code_code","occurrence_code_name","classificator_id","classificator_name","classificator_code","adrep_code_id","adrep_code_name","operating_phase_id","detection_phase_id","operating_phase_name","phase","risk_assessment","risk_index","participants_occurrence","occurrence_description","desc_occurrence_investig","causes","comment_eng","conclusion","factor_id","factor","factor_name","factor_title","order_number","date_approval","downtime","replacement_units","cargo_condition","description_costs","airport_charges","travel_expenses","flight_another_aircraft","travel_expenses_le_fc","cov_damage_third_org","expenses_delivery","purchase_spare_parts","work_replacing_pki","work_restore_pki","materials_not_pki","carrying_out_repairs","additional_works","potential_damage","potential_damage_desc","claimed_loss","amounts_paid","grounds_for_events","recommendations","corrective_actions","is_active","is_virtual","is_actual","is_was_external_investiagation","was_external_investiagation","weight","weight_id","rm_weight_id","weight_code","rm_weight_code","weight_name","rm_weight_name","probability_id","rm_probability_id","probability_code","rm_probability_code","probability_name","rm_probability_name","left_pilot_management","add_user_id","add_date","costs_eliminating","time_day_id","time_day_name","utc_time","local_time","is_caa_notification","is_customer_notification","factor_causing_event_id","factor_causing_event_code","factor_causing_event_name","dept_organization","without_damage","risk_index_text","weather_cond_id","weather_cond_name","event_risk_index"
"3","3",1,1,"company_skylight","2022-11-05 00:00:00","2022-11-05 00:00:00","Превышение скорости полета с ручкой управления закрылками в положении 9","Превышение скорости полета с ручкой управления закрылками в положении 9",NULL,NULL,NULL,4,4,"aviation_incident","aviation_incident","6","RA-02752","3","aircraft_type_3","23825","МОСКВА / ВНУКОВО","МОСКВА / ВНУКОВО","UUWW","VKO","RA02752","1088","10732","170840","Отклонения по данным параметрической информации",NULL,NULL,NULL,NULL,NULL,15,15,"Взлет","Взлет",NULL,"0.08",NULL,NULL,NULL,"Событие классифицируется как Инцидент в соответствии с п. 26 ПРАПИ-98 ""Выход за ограничения, оговоренные РЛЭ""",NULL,NULL,1,1,"liveware","liveware",NULL,NULL,NULL,NULL,NULL,NULL,NULL,NULL,NULL,NULL,NULL,NULL,NULL,NULL,NULL,NULL,NULL,NULL,NULL,NULL,NULL,NULL,NULL,NULL,NULL,"Y","N","Y","N",0,"1",9,9,NULL,NULL,NULL,NULL,8,8,NULL,NULL,NULL,NULL,"N",1,"2023-03-20 14:23:15.968971","0",1,"День",517,NULL,"N","N",557,"406","ПРЕДПОЛОЖИТЕЛЬНО ФАКТОРЫ ЭКИПАЖА",NULL,"Y","0.08",NULL,NULL,"0.2"
"2","2",1,1,"company_skylight","2022-10-23 00:00:00","2022-10-23 00:00:00","Позднее выключение автопилота при инструментальном заходе на посадку","Позднее выключение автопилота при инструментальном заходе на посадку",NULL,NULL,NULL,2,2,"precursor","precursor","6","RA-02752","3","aircraft_type_3","23825","МОСКВА / ВНУКОВО","МОСКВА / ВНУКОВО","UUWW","VKO","RA02752","1055","373","1702239","прочие отклонения от летных ограничений",NULL,NULL,NULL,NULL,NULL,40,40,"Заход на посадку","Заход на посадку",NULL,"0.04",NULL,NULL,NULL,"Чрезмерная концентрация внимания обоих пилотов на выдерживание параметров стабилизированного захода на посадку в неблагоприятных метео условиях",NULL,NULL,1,1,"liveware","liveware",NULL,NULL,NULL,NULL,NULL,NULL,NULL,NULL,NULL,NULL,NULL,NULL,NULL,NULL,NULL,NULL,NULL,NULL,NULL,NULL,NULL,NULL,NULL,NULL,NULL,"Y","N","Y","N",0,"0.1",9,9,NULL,NULL,NULL,NULL,9,9,NULL,NULL,NULL,NULL,"N",1,"2023-03-20 14:22:39.38145","0",1,"День",891,NULL,"N","N",557,"406","ПРЕДПОЛОЖИТЕЛЬНО ФАКТОРЫ ЭКИПАЖА",NULL,"Y","0.04",NULL,NULL,NULL
"1","1",1,1,"company_skylight","2022-09-27 00:00:00","2022-09-27 00:00:00","Загрузка в салон сверх нормативного багажа","Загрузка в салон сверх нормативного багажа",NULL,NULL,NULL,4,4,"aviation_incident","aviation_incident","6","RA-02752","3","aircraft_type_3","23709","ПЕТРОПАВЛОВСК-КАМЧАТСКИЙ / ЕЛИЗОВО","ПЕТРОПАВЛОВСК-КАМЧАТСКИЙ / ЕЛИЗОВО","UHPP","PKC","RA02752",NULL,"528","170298","ПРОЧИЕ СОБЫТИЯ",NULL,NULL,NULL,NULL,NULL,1,1,"Стоянка","Стоянка",NULL,"0.08",NULL,NULL,NULL,"Событие классифицируется как Инцидент в соответствии с п. 23 ПРАПИ 98 - Нарушение норм загрузки или центровки воздушного судна, установленных РЛЭ",NULL,NULL,1,1,"liveware","liveware",NULL,NULL,NULL,NULL,NULL,NULL,NULL,NULL,NULL,NULL,NULL,NULL,NULL,NULL,NULL,NULL,NULL,NULL,NULL,NULL,NULL,NULL,NULL,NULL,NULL,"Y","N","Y","N",0,"1",9,9,NULL,NULL,NULL,NULL,8,8,NULL,NULL,NULL,NULL,"N",1,"2023-03-20 14:21:44.227507","0",1,"День",180,720,"N","N",876,"571","НЕДОСТАТКИ В ОРГАНИЗАЦИИ РАБОТ И КОНТРОЛЕ",NULL,"Y","0.08",NULL,NULL,NULL
"15","15",1,1,"company_skylight","2023-05-28 00:00:00","2023-05-28 00:00:00","Предупреждение системы GPWS о чрезмерном снижении ниже глиссады.
Максимальное отклонение от РСЗ глиссады , по данным обработки полетной информации, составило, dots - 1.97","Предупреждение системы GPWS о чрезмерном снижении ниже глиссады.
Максимальное отклонение от РСЗ глиссады , по данным обработки полетной информации, составило, dots - 1.97",NULL,NULL,NULL,11,11,"event_type_11","event_type_11","6","RA-02752","3","aircraft_type_3","23825","МОСКВА / ВНУКОВО","МОСКВА / ВНУКОВО","UUWW","VKO","RA-02752",NULL,"10731","1708","ОТКЛОНЕНИЯ, ВЫЯВЛЕННЫЕ ПО ДАННЫМ ССПИ",NULL,NULL,NULL,NULL,NULL,40,40,"Заход на посадку","Заход на посадку",NULL,"0.24",NULL,NULL,NULL,NULL,NULL,NULL,1,1,"liveware","liveware",NULL,NULL,NULL,NULL,NULL,NULL,NULL,NULL,NULL,NULL,NULL,NULL,NULL,NULL,NULL,NULL,NULL,NULL,NULL,NULL,NULL,NULL,NULL,NULL,NULL,"Y","N","Y","N",0,"1",7,7,NULL,NULL,NULL,NULL,8,8,NULL,NULL,NULL,NULL,"N",7334,"2023-06-09 11:17:25.655245","0",1,"День",752,NULL,"N","N",160,"40","ЭКИПАЖ ВС",NULL,NULL,"0.24",1,"ПМУ",NULL
"50","50",1,1,"company_skylight","2024-11-22 00:00:00","2024-11-22 00:00:00","На глиссаде при H < 1000 ft велико отклонение от равносигнальной зоны курса (более 1/3 dot вправо)","На глиссаде при H < 1000 ft велико отклонение от равносигнальной зоны курса (более 1/3 dot вправо)",NULL,NULL,NULL,1,1,"deviation","deviation","2242","RA-02751","3","aircraft_type_3","28842","ГЕЛЕНДЖИК","ГЕЛЕНДЖИК","URKG","GDZ","2751",NULL,"10731","1708","ОТКЛОНЕНИЯ, ВЫЯВЛЕННЫЕ ПО ДАННЫМ ССПИ",NULL,NULL,NULL,NULL,NULL,45,45,"Предпосадочная прямая","Предпосадочная прямая",NULL,NULL,NULL,NULL,NULL,"Событие недостоверное. Ошибка заложена в программе расшифровки. Вместо 1/3 должно быть 1,3",NULL,NULL,NULL,NULL,NULL,NULL,NULL,NULL,NULL,NULL,NULL,NULL,NULL,NULL,NULL,NULL,NULL,NULL,NULL,NULL,NULL,NULL,NULL,NULL,NULL,NULL,NULL,NULL,NULL,NULL,NULL,"N","N","Y","N",0,"1",NULL,NULL,NULL,NULL,NULL,NULL,NULL,NULL,NULL,NULL,NULL,NULL,"Y",7874,"2024-11-26 13:21:48.825775","0",1,"День",864,1044,"N","N",NULL,NULL,NULL,NULL,NULL,NULL,NULL,NULL,NULL
"59","59",1,1,"company_skylight","2025-05-16 00:00:00","2025-05-16 00:00:00","с.179 На взлете не установлен режим тяги ALT T/O-1 или T/O. 
Примечание: Взлет производился на режиме Е Т/О.","с.179 На взлете не установлен режим тяги ALT T/O-1 или T/O. 
Примечание: Взлет производился на режиме Е Т/О.",NULL,NULL,NULL,1,1,"deviation","deviation","2242","RA-02751","3","aircraft_type_3","23569","АДЛЕР - СОЧИ","АДЛЕР - СОЧИ","URSS","AER","2751",NULL,"10731","1708","ОТКЛОНЕНИЯ, ВЫЯВЛЕННЫЕ ПО ДАННЫМ ССПИ",NULL,NULL,NULL,NULL,NULL,15,15,"Взлет","Взлет",NULL,"0.04",NULL,NULL,NULL,"Согласно AOM LEGACY 600, E T/O thrust rating является максимально допустимой тягой для взлета. 
Экипажем допускается установка данного режима работы двигателей. ",NULL,NULL,NULL,NULL,NULL,NULL,NULL,NULL,NULL,NULL,NULL,NULL,NULL,NULL,NULL,NULL,NULL,NULL,NULL,NULL,NULL,NULL,NULL,NULL,NULL,NULL,NULL,NULL,NULL,NULL,NULL,"N","N","Y","N",0,"1",9,9,NULL,NULL,NULL,NULL,9,9,NULL,NULL,NULL,NULL,"Y",7874,"2025-05-20 14:42:28.672653","0",1,"День",555,735,"N","N",NULL,NULL,NULL,NULL,"Y","0.04",NULL,NULL,NULL
"40","40",1,1,"company_skylight","2024-07-13 00:00:00","2024-07-13 00:00:00","Большая поперечная перегрузка в полете (более 0.28  g)","Большая поперечная перегрузка в полете (более 0.28  g)",NULL,NULL,NULL,2,2,"precursor","precursor","2422","RA-73538","342","aircraft_type_342","24597","МИЛАС/БОДРУМ","МИЛАС/БОДРУМ","LTFE","BJV","LSK3538",NULL,"10731","1708","ОТКЛОНЕНИЯ, ВЫЯВЛЕННЫЕ ПО ДАННЫМ ССПИ",NULL,NULL,NULL,NULL,NULL,59,59,"Посадка","Посадка",NULL,"0.16",NULL,NULL,NULL,"Причина в неправильной технике посадки в условиях бокового ветра, а именно излишним выдерживанием и не прикрытием креном после касания ВПП основными стойками.",NULL,NULL,1,1,"liveware","liveware",NULL,NULL,NULL,NULL,NULL,NULL,NULL,NULL,NULL,NULL,NULL,NULL,NULL,NULL,NULL,NULL,NULL,NULL,NULL,NULL,NULL,NULL,NULL,NULL,NULL,"Y","N","Y","N",0,"0.1",8,8,NULL,NULL,NULL,NULL,8,8,NULL,NULL,NULL,NULL,"N",7874,"2024-07-16 13:58:44.273408","0",1,"День",738,858,"N","N",7763,"ENVIRONMENT","ВНЕШНЯЯ СРЕДА",NULL,"Y","0.16",NULL,NULL,NULL
"60","60",1,1,"company_skylight","2025-06-10 00:00:00","2025-06-10 00:00:00","Сигнализация EGPWS (уровень Warning) на дисплее об опасном сближении с землей","Сигнализация EGPWS (уровень Warning) на дисплее об опасном сближении с землей",NULL,NULL,NULL,1,1,"deviation","deviation","2442","RA-73539","342","aircraft_type_342","24207","ГОРНО-АЛТАЙСК","ГОРНО-АЛТАЙСК","UNBG","RGK","3539",NULL,"10731","1708","ОТКЛОНЕНИЯ, ВЫЯВЛЕННЫЕ ПО ДАННЫМ ССПИ",NULL,NULL,NULL,NULL,NULL,26,26,"Снижение до высоты эшелона перехода","Снижение до высоты эшелона перехода",NULL,NULL,NULL,NULL,NULL,"Причиной данного события явился сбой в работе GPS.",NULL,NULL,3,3,"environment","environment",NULL,NULL,NULL,NULL,NULL,NULL,NULL,NULL,NULL,NULL,NULL,NULL,NULL,NULL,NULL,NULL,NULL,NULL,NULL,NULL,NULL,NULL,NULL,NULL,NULL,"Y","N","Y","N",0,"1",NULL,NULL,NULL,NULL,NULL,NULL,NULL,NULL,NULL,NULL,NULL,NULL,"Y",7874,"2025-06-17 14:12:01.625538","0",1,"День",660,840,"N","N",NULL,NULL,NULL,NULL,NULL,NULL,NULL,NULL,NULL
"49","49",1,1,"company_skylight","2024-11-06 00:00:00","2024-11-06 00:00:00","Превышена максимально допустимая эксплуатационная скорость полета Vmo. Срабатывание сигнализации MASTER WARNING в полете.","Превышена максимально допустимая эксплуатационная скорость полета Vmo. Срабатывание сигнализации MASTER WARNING в полете.",NULL,NULL,NULL,2,2,"precursor","precursor","2242","RA-02751","3","aircraft_type_3","38372","ТРАБЗОН","ТРАБЗОН","LTCG","TZX","2751",NULL,"10731","1708","ОТКЛОНЕНИЯ, ВЫЯВЛЕННЫЕ ПО ДАННЫМ ССПИ",NULL,NULL,NULL,NULL,NULL,26,26,"Снижение до высоты эшелона перехода","Снижение до высоты эшелона перехода",NULL,"0.08",NULL,NULL,NULL,NULL,NULL,NULL,1,1,"liveware","liveware",NULL,NULL,NULL,NULL,NULL,NULL,NULL,NULL,NULL,NULL,NULL,NULL,NULL,NULL,NULL,NULL,NULL,NULL,NULL,NULL,NULL,NULL,NULL,NULL,NULL,"Y","N","Y","N",0,"0.1",8,8,NULL,NULL,NULL,NULL,9,9,NULL,NULL,NULL,NULL,"Y",7874,"2024-11-19 15:11:28.774573","0",1,"День",617,NULL,"N","N",NULL,NULL,NULL,NULL,"Y","0.08",NULL,NULL,NULL
"38","38",1,1,"company_skylight","2024-05-31 00:00:00","2024-05-31 00:00:00","На глиссаде при H < 500 ft вертикальная скорость снижения больше 800 ft/min","На глиссаде при H < 500 ft вертикальная скорость снижения больше 800 ft/min",NULL,NULL,NULL,1,1,"deviation","deviation","7","RA-73533","342","aircraft_type_342","23825","МОСКВА / ВНУКОВО","МОСКВА / ВНУКОВО","UUWW","VKO","3533",NULL,"10731","1708","ОТКЛОНЕНИЯ, ВЫЯВЛЕННЫЕ ПО ДАННЫМ ССПИ",NULL,NULL,NULL,NULL,NULL,45,45,"Предпосадочная прямая","Предпосадочная прямая",NULL,NULL,NULL,NULL,NULL,"При выполнении захода на посадку в условиях сдвига ветра (от слабого до умеренного) и турбулентности экипажем было допущено увеличение вертикальной скорости более 1000 ft при заходе ниже высоты 500 ft. Из объяснений экипажа: В процессе захода UUWW наблюдался сдвиг ветра от слабого до умеренного, также полет проходил в условиях турбулентности.
На высоте около 400 футов AGL в последствии сдвига ветра, был замечен уход самолета под глиссаду снижения с увеличением вертикальной скорости. Система автомата тяги отреагировала на данное отклонение увеличением режима работы двигателей.  Одновременно, были предприняты корректирующие действия для возвращения ВС на глиссаду. Никакой сопутствующей сигнализации об увеличении вертикальной скорости выше допустимой (Sink rate) выявлено не было. Дальнейший заход и посадка прошли без замечаний.",NULL,NULL,1,1,"liveware","liveware",NULL,NULL,NULL,NULL,NULL,NULL,NULL,NULL,NULL,NULL,NULL,NULL,NULL,NULL,NULL,NULL,NULL,NULL,NULL,NULL,NULL,NULL,NULL,NULL,NULL,"N","N","Y","N",0,"1",NULL,NULL,NULL,NULL,NULL,NULL,NULL,NULL,NULL,NULL,NULL,NULL,"N",7874,"2024-06-18 11:24:03.854575","0",1,"День",1022,1202,"N","N",7763,"ENVIRONMENT","ВНЕШНЯЯ СРЕДА",NULL,NULL,NULL,1,"ПМУ",NULL
"43","43",1,1,"company_skylight","2024-08-01 00:00:00","2024-08-01 00:00:00","На глиссаде при Н<1000 ft велико отклонение от равносигнальной зоны глиссады (более 1 dot выше глиссады)","На глиссаде при Н<1000 ft велико отклонение от равносигнальной зоны глиссады (более 1 dot выше глиссады)",NULL,NULL,NULL,1,1,"deviation","deviation","2242","RA-02751","3","aircraft_type_3","24825","МОСКВА / ДОМОДЕДОВО","МОСКВА / ДОМОДЕДОВО","UUDD","DME","LSK2751",NULL,"10731","1708","ОТКЛОНЕНИЯ, ВЫЯВЛЕННЫЕ ПО ДАННЫМ ССПИ",NULL,NULL,NULL,NULL,NULL,45,45,"Предпосадочная прямая","Предпосадочная прямая",NULL,"0.08",NULL,NULL,NULL,"Заход выполнялся в условиях умеренной турбулентности. Действия экипажа по исправлению отклонений были несвоевременными, в дальнейшем экипаж стабилизировал заход и выполнил посадку без отклонений.",NULL,NULL,1,1,"liveware","liveware",NULL,NULL,NULL,NULL,NULL,NULL,NULL,NULL,NULL,NULL,NULL,NULL,NULL,NULL,NULL,NULL,NULL,NULL,NULL,NULL,NULL,NULL,NULL,NULL,NULL,"Y","N","Y","N",0,"1",9,9,NULL,NULL,NULL,NULL,8,8,NULL,NULL,NULL,NULL,"Y",7874,"2024-08-13 12:23:08.695381","0",1,"День",415,595,"N","N",NULL,NULL,NULL,NULL,"Y","0.08",NULL,NULL,NULL
"48","48",1,1,"company_skylight","2024-10-16 00:00:00","2024-10-16 00:00:00","В полете при наличии обледенения обороты N2 правого и левого двигателей меньше 76 %","В полете при наличии обледенения обороты N2 правого и левого двигателей меньше 76 %",NULL,NULL,NULL,2,2,"precursor","precursor","2442","RA-73539","342","aircraft_type_342","16","УЛЬЯНОВСК / ВОСТОЧНЫЙ","УЛЬЯНОВСК / ВОСТОЧНЫЙ","UWLW","ULY","3538",NULL,"10731","1708","ОТКЛОНЕНИЯ, ВЫЯВЛЕННЫЕ ПО ДАННЫМ ССПИ",NULL,NULL,NULL,NULL,NULL,44,44,"Выход на предпосадочную прямую","Выход на предпосадочную прямую",NULL,NULL,NULL,NULL,NULL,"Причиной данного события явилось отсутствие контроля со стороны членов экипажа ВС за значением оборотов двигателей, необходимого для интенсивной работы противообледенительной системы крыла и двигателей в условиях обледенения.",NULL,NULL,1,1,"liveware","liveware",NULL,NULL,NULL,NULL,NULL,NULL,NULL,NULL,NULL,NULL,NULL,NULL,NULL,NULL,NULL,NULL,NULL,NULL,NULL,NULL,NULL,NULL,NULL,NULL,NULL,"Y","N","Y","N",0,"0.1",NULL,NULL,NULL,NULL,NULL,NULL,NULL,NULL,NULL,NULL,NULL,NULL,"Y",7874,"2024-11-19 11:41:29.064223","0",1,"День",830,1010,"N","N",NULL,NULL,NULL,NULL,NULL,NULL,1,"ПМУ",NULL
"42","42",1,1,"company_skylight","2024-08-01 00:00:00","2024-08-01 00:00:00","На глиссаде при H<500 ft (визуальный заход) вертикальная скорость снижение >1000 ft/min (t=5 sec)","На глиссаде при H<500 ft (визуальный заход) вертикальная скорость снижение >1000 ft/min (t=5 sec)",NULL,NULL,NULL,2,2,"precursor","precursor","2422","RA-73538","342","aircraft_type_342","23200","МАХАЧКАЛА/УЙТАШ","МАХАЧКАЛА/УЙТАШ","URML","MCX","LSK3538",NULL,"10731","1708","ОТКЛОНЕНИЯ, ВЫЯВЛЕННЫЕ ПО ДАННЫМ ССПИ",NULL,NULL,NULL,NULL,NULL,45,45,"Предпосадочная прямая","Предпосадочная прямая",NULL,"0.08",NULL,NULL,NULL,"Причиной кратковременного увеличения вертикальной скорости выше 1000 ft/m стало присутствие сдвиг ветра от слабого до умеренного в процессе захода на посадку.",NULL,NULL,1,1,"liveware","liveware",NULL,NULL,NULL,NULL,NULL,NULL,NULL,NULL,NULL,NULL,NULL,NULL,NULL,NULL,NULL,NULL,NULL,NULL,NULL,NULL,NULL,NULL,NULL,NULL,NULL,"Y","N","Y","N",0,"0.1",9,9,NULL,NULL,NULL,NULL,8,8,NULL,NULL,NULL,NULL,"Y",7874,"2024-08-05 11:15:55.362758","0",1,"День",957,957,"N","N",NULL,NULL,NULL,NULL,"Y","0.08",NULL,NULL,NULL
"57","57",1,1,"company_skylight","2025-04-30 00:00:00","2025-04-30 00:00:00","Полеты на высотах ниже 400 м в районе режима WR03772","Полеты на высотах ниже 400 м в районе режима WR03772",NULL,NULL,NULL,2,2,"precursor","precursor","3","RA-07331","2","aircraft_type_2","23200","МАХАЧКАЛА/УЙТАШ","МАХАЧКАЛА/УЙТАШ","URML","MCX","7331",NULL,"462","170245","НАРУШЕНИЕ ПРАВИЛ ЭШЕЛОНИРОВАНИЯ",NULL,NULL,NULL,NULL,NULL,22,22,"Полет по маршруту","Полет по маршруту",NULL,"0.32",NULL,NULL,NULL,"Экипажу не был предоставлен фактически поданный план полета с обходом действующих зон НОТАМ",NULL,NULL,1,1,"liveware","liveware",NULL,NULL,NULL,NULL,NULL,NULL,NULL,NULL,NULL,NULL,NULL,NULL,NULL,NULL,NULL,NULL,NULL,NULL,NULL,NULL,NULL,NULL,NULL,NULL,NULL,"Y","N","Y","N",0,"0.1",8,8,NULL,NULL,NULL,NULL,6,6,NULL,NULL,NULL,NULL,"Y",7334,"2025-04-30 11:27:27.148766","0",1,"День",NULL,NULL,"N","N",NULL,NULL,NULL,NULL,"Y","0.32",1,"ПМУ",NULL
"64","64",1,1,"company_skylight","2025-06-25 00:00:00","2025-06-25 00:00:00","Сигнализация WING A/ICE OVHT – перегрев ПОС крыла. Срабатывание сигнализации MASTER WARNING в полете.","Сигнализация WING A/ICE OVHT – перегрев ПОС крыла. Срабатывание сигнализации MASTER WARNING в полете.",NULL,NULL,NULL,1,1,"deviation","deviation","2442","RA-73539","342","aircraft_type_342","24207","ГОРНО-АЛТАЙСК","ГОРНО-АЛТАЙСК","UNBG","RGK","3533",NULL,NULL,NULL,NULL,NULL,NULL,NULL,NULL,NULL,23,23,"Набор заданной высоты","Набор заданной высоты",NULL,NULL,NULL,NULL,NULL,"Причина срабатывания сигнализации не выявлена, дефект ""плавающий"". После ""reset"" сигнализация снялась. На послеполетном осмотре нарушений конструкции крыла и системы ПОС не выявлено. На ближайшем ТО запланирован поиск причины срабатывания сигнализации",NULL,NULL,2,2,"hardware","hardware",NULL,NULL,NULL,NULL,NULL,NULL,NULL,NULL,NULL,NULL,NULL,NULL,NULL,NULL,NULL,NULL,NULL,NULL,NULL,NULL,NULL,NULL,NULL,NULL,NULL,"Y","N","Y","N",0,"1",NULL,NULL,NULL,NULL,NULL,NULL,NULL,NULL,NULL,NULL,NULL,NULL,"Y",7874,"2025-07-01 12:48:18.529412","0",1,"День",367,547,"N","N",NULL,NULL,NULL,NULL,"Y",NULL,NULL,NULL,NULL
"52","52",1,1,"company_skylight","2024-12-10 00:00:00","2024-12-10 00:00:00","При взлете автопилот включен на высоте меньше допустимой (1000 ft)","При взлете автопилот включен на высоте меньше допустимой (1000 ft)",NULL,NULL,NULL,1,1,"deviation","deviation","2242","RA-02751","3","aircraft_type_3","24145","СЕЙШЕЛЫ","СЕЙШЕЛЫ","FSIA","SEZ","RA-02751",NULL,"10731","1708","ОТКЛОНЕНИЯ, ВЫЯВЛЕННЫЕ ПО ДАННЫМ ССПИ",NULL,NULL,NULL,NULL,NULL,18,18,"Начальный набор высоты","Начальный набор высоты",NULL,NULL,NULL,NULL,NULL,NULL,NULL,NULL,1,1,"liveware","liveware",NULL,NULL,NULL,NULL,NULL,NULL,NULL,NULL,NULL,NULL,NULL,NULL,NULL,NULL,NULL,NULL,NULL,NULL,NULL,NULL,NULL,NULL,NULL,NULL,NULL,"Y","N","Y","N",0,"1",NULL,NULL,NULL,NULL,NULL,NULL,NULL,NULL,NULL,NULL,NULL,NULL,"Y",7874,"2024-12-24 14:42:54.298393","0",1,"День",664,904,"N","N",NULL,NULL,NULL,NULL,NULL,NULL,NULL,NULL,NULL
"55","55",1,1,"company_skylight","2025-04-03 00:00:00","2025-04-03 00:00:00","с.300 Угол тангажа в полете более 20 градусов","с.300 Угол тангажа в полете более 20 градусов",NULL,NULL,NULL,2,2,"precursor","precursor","2442","RA-73539","342","aircraft_type_342","23453","СИАНЬ / САНЬЯН","СИАНЬ / САНЬЯН","ZLXY","XIY","3539",NULL,"10731","1708","ОТКЛОНЕНИЯ, ВЫЯВЛЕННЫЕ ПО ДАННЫМ ССПИ",NULL,NULL,NULL,NULL,NULL,18,18,"Начальный набор высоты","Начальный набор высоты",NULL,NULL,NULL,NULL,NULL,"Причиной интенсивного увеличения угла тангажа явилось отсутствие контроля со стороны КВС за скоростью его изменения и несвоевременная реакция на уменьшение значения данного параметра.",NULL,NULL,1,1,"liveware","liveware",NULL,NULL,NULL,NULL,NULL,NULL,NULL,NULL,NULL,NULL,NULL,NULL,NULL,NULL,NULL,NULL,NULL,NULL,NULL,NULL,NULL,NULL,NULL,NULL,NULL,"Y","N","Y","N",0,"0.1",NULL,NULL,NULL,NULL,NULL,NULL,NULL,NULL,NULL,NULL,NULL,NULL,"Y",7874,"2025-04-15 12:05:07.080787","0",1,"День",308,788,"N","N",NULL,NULL,NULL,NULL,NULL,NULL,1,"ПМУ",NULL
"61","61",1,1,"company_skylight","2025-06-13 00:00:00","2025-06-13 00:00:00","Предупреждение EGPWS (уровень Caution) на дисплее о сближении с землей.
Сигнализация EGPWS (уровень Warning) на дисплее об опасном сближении с землей.","Предупреждение EGPWS (уровень Caution) на дисплее о сближении с землей.
Сигнализация EGPWS (уровень Warning) на дисплее об опасном сближении с землей.",NULL,NULL,NULL,1,1,"deviation","deviation","2442","RA-73539","342","aircraft_type_342","38892","АЛЬ МАКТУМ/АЛЬ МАКТУМ МЕЖД.","АЛЬ МАКТУМ/АЛЬ МАКТУМ МЕЖД.","OMDW","DWC","3539",NULL,"10731","1708","ОТКЛОНЕНИЯ, ВЫЯВЛЕННЫЕ ПО ДАННЫМ ССПИ",NULL,NULL,NULL,NULL,NULL,26,26,"Снижение до высоты эшелона перехода","Снижение до высоты эшелона перехода",NULL,NULL,NULL,NULL,NULL,"Причиной данного события явилось сбой в работе GPS.",NULL,NULL,3,3,"environment","environment",NULL,NULL,NULL,NULL,NULL,NULL,NULL,NULL,NULL,NULL,NULL,NULL,NULL,NULL,NULL,NULL,NULL,NULL,NULL,NULL,NULL,NULL,NULL,NULL,NULL,"Y","N","Y","N",0,"1",NULL,NULL,NULL,NULL,NULL,NULL,NULL,NULL,NULL,NULL,NULL,NULL,"Y",7874,"2025-06-17 14:17:12.271174","0",1,"День",872,1052,"N","N",NULL,NULL,NULL,NULL,NULL,NULL,NULL,NULL,NULL
"54","54",1,1,"company_skylight","2025-03-03 00:00:00","2025-03-03 00:00:00","Температура воздуха в полете не соответствует допустимому эксплуатационному диапазону","Температура воздуха в полете не соответствует допустимому эксплуатационному диапазону",NULL,NULL,NULL,1,1,"deviation","deviation","2242","RA-02751","3","aircraft_type_3","25006","МОСКВА/ШЕРЕМЕТЬЕВО","МОСКВА/ШЕРЕМЕТЬЕВО","UUEE","SVO","2751",NULL,"10731","1708","ОТКЛОНЕНИЯ, ВЫЯВЛЕННЫЕ ПО ДАННЫМ ССПИ",NULL,NULL,NULL,NULL,NULL,24,24,"Крейсерский полет","Крейсерский полет",NULL,"0.04",NULL,NULL,NULL,"При выполнении рейса Сочи-Шрм 03.03.25 экипаж дважды менял эшелон полета по
ограничению по минимальной тнв, второй раз пришлось пройти на эшелоне около 7 минут, т.к. эшелоны ниже были заняты.",NULL,NULL,1,1,"liveware","liveware",NULL,NULL,NULL,NULL,NULL,NULL,NULL,NULL,NULL,NULL,NULL,NULL,NULL,NULL,NULL,NULL,NULL,NULL,NULL,NULL,NULL,NULL,NULL,NULL,NULL,"Y","N","Y","N",0,"1",9,9,NULL,NULL,NULL,NULL,9,9,NULL,NULL,NULL,NULL,"Y",7874,"2025-03-13 12:10:34.771733","0",1,"День",579,759,"N","N",NULL,NULL,NULL,NULL,"Y","0.04",NULL,NULL,NULL
"63","63",1,1,"company_skylight","2025-06-20 00:00:00","2025-06-20 00:00:00","Неисправность AFCS 1","Неисправность AFCS 1",NULL,NULL,NULL,1,1,"deviation","deviation","2442","RA-73539","342","aircraft_type_342","23825","МОСКВА / ВНУКОВО","МОСКВА / ВНУКОВО","UUWW","VKO","3539",NULL,"10731","1708","ОТКЛОНЕНИЯ, ВЫЯВЛЕННЫЕ ПО ДАННЫМ ССПИ",NULL,NULL,NULL,NULL,NULL,24,24,"Крейсерский полет","Крейсерский полет",NULL,"0.04",NULL,NULL,NULL,"Недостоверное событие. Разовое проявление не подтвердилось в ходе тестовых проверок и дальнейшей эксплуатации",NULL,NULL,2,2,"hardware","hardware",NULL,NULL,NULL,NULL,NULL,NULL,NULL,NULL,NULL,NULL,NULL,NULL,NULL,NULL,NULL,NULL,NULL,NULL,NULL,NULL,NULL,NULL,NULL,NULL,NULL,"Y","N","Y","N",0,"1",9,9,NULL,NULL,NULL,NULL,9,9,NULL,NULL,NULL,NULL,"Y",7874,"2025-07-01 12:42:30.529622","0",1,"День",914,1094,"N","N",NULL,NULL,NULL,NULL,"Y","0.04",NULL,NULL,NULL
"67","67",1,1,"company_skylight","2025-08-24 00:00:00","2025-08-24 00:00:00","На глиссаде при H < 500 ft вертикальная скорость снижения больше 1100 ft/min","На глиссаде при H < 500 ft вертикальная скорость снижения больше 1100 ft/min",NULL,NULL,NULL,2,2,"precursor","precursor","2422","RA-73538","342","aircraft_type_342","23569","АДЛЕР - СОЧИ","АДЛЕР - СОЧИ","URSS","AER","3538",NULL,"10731","1708","ОТКЛОНЕНИЯ, ВЫЯВЛЕННЫЕ ПО ДАННЫМ ССПИ",NULL,NULL,NULL,NULL,NULL,40,40,"Заход на посадку","Заход на посадку",NULL,"0.24",NULL,NULL,NULL,"Причиной превышения значений вертикальной скорости снижения по глиссаде и приборной скорости захода на посадку явилось отсутствие контроля со стороны КВС и второго пилота за параметрами снижения для захода на посадку и выхода их за значения для стабилизированного захода.",NULL,NULL,1,1,"liveware","liveware",NULL,NULL,NULL,NULL,NULL,NULL,NULL,NULL,NULL,NULL,NULL,NULL,NULL,NULL,NULL,NULL,NULL,NULL,NULL,NULL,NULL,NULL,NULL,NULL,NULL,"Y","N","Y","Y",1,"0.1",8,8,NULL,NULL,NULL,NULL,7,7,NULL,NULL,NULL,NULL,"Y",7874,"2025-09-02 18:02:50.986606","0",1,"День",768,948,"N","N",NULL,NULL,NULL,NULL,"Y","0.24",NULL,NULL,NULL
"72","72",1,1,"company_skylight","2025-11-19 00:00:00","2025-11-19 00:00:00","В полете при наличии обледенения не включены ПОС крыла и двигателей","В полете при наличии обледенения не включены ПОС крыла и двигателей",NULL,NULL,NULL,2,2,"precursor","precursor","7","RA-73533","342","aircraft_type_342","23825","МОСКВА / ВНУКОВО","МОСКВА / ВНУКОВО","UUWW","VKO","3533",NULL,"10731","1708","ОТКЛОНЕНИЯ, ВЫЯВЛЕННЫЕ ПО ДАННЫМ ССПИ",NULL,NULL,NULL,NULL,NULL,40,40,"Заход на посадку","Заход на посадку",NULL,"0.08",NULL,NULL,NULL,"Причиной события явился не учет экипажем времени необходимого для сброса льда с датчиков AICE и не учет необходимости обязательного включения Wing and Cowl AICE при наличии данной сигнализации.",NULL,NULL,1,1,"liveware","liveware",NULL,NULL,NULL,NULL,NULL,NULL,NULL,NULL,NULL,NULL,NULL,NULL,NULL,NULL,NULL,NULL,NULL,NULL,NULL,NULL,NULL,NULL,NULL,NULL,NULL,"Y","N","Y","N",0,"0.1",9,9,NULL,NULL,NULL,NULL,8,8,NULL,NULL,NULL,NULL,"Y",7874,"2025-12-04 13:06:17.474981","0",1,"День",713,893,"N","N",NULL,NULL,NULL,NULL,"Y","0.08",NULL,NULL,NULL
"56","56",1,1,"company_skylight","2025-04-08 00:00:00","2025-04-08 00:00:00","Угол тангажа в полете более 20 градусов (событие№300)","Угол тангажа в полете более 20 градусов (событие№300)",NULL,NULL,NULL,2,2,"precursor","precursor","2442","RA-73539","342","aircraft_type_342","25578","ШАНХАЙ","ШАНХАЙ","ZSPD","PVG","3539",NULL,"10731","1708","ОТКЛОНЕНИЯ, ВЫЯВЛЕННЫЕ ПО ДАННЫМ ССПИ",NULL,NULL,NULL,NULL,NULL,18,18,"Начальный набор высоты","Начальный набор высоты",NULL,"0.08",NULL,NULL,NULL,"Причиной интенсивного увеличения угла тангажа явилось отсутствие контроля со стороны КВС за скоростью его изменения и несвоевременная реакция на уменьшение значения данного параметра.",NULL,NULL,1,1,"liveware","liveware",NULL,NULL,NULL,NULL,NULL,NULL,NULL,NULL,NULL,NULL,NULL,NULL,NULL,NULL,NULL,NULL,NULL,NULL,NULL,NULL,NULL,NULL,NULL,NULL,NULL,"Y","N","Y","N",0,"0.1",8,8,NULL,NULL,NULL,NULL,9,9,NULL,NULL,NULL,NULL,"Y",7874,"2025-04-15 12:09:07.058312","0",1,"День",454,934,"N","N",NULL,NULL,NULL,NULL,"Y","0.08",1,"ПМУ",NULL
"58","58",1,1,"company_skylight","2025-04-24 00:00:00","2025-04-24 00:00:00","c. 78 Превышена максимально допустимая скорость (160 knots) без перебалансировки после взлета/ в наборе высоты.","c. 78 Превышена максимально допустимая скорость (160 knots) без перебалансировки после взлета/ в наборе высоты.",NULL,NULL,NULL,2,2,"precursor","precursor","2242","RA-02751","3","aircraft_type_3","23569","АДЛЕР - СОЧИ","АДЛЕР - СОЧИ","URSS","AER","2751",NULL,"10731","1708","ОТКЛОНЕНИЯ, ВЫЯВЛЕННЫЕ ПО ДАННЫМ ССПИ",NULL,NULL,NULL,NULL,NULL,18,18,"Начальный набор высоты","Начальный набор высоты",NULL,"0.16",NULL,NULL,NULL,"После взлета из-за отсутствия нагрузки на штурвал балансировка ВС выполнена при достижении скорости 160 узлов.",NULL,NULL,1,1,"liveware","liveware",NULL,NULL,NULL,NULL,NULL,NULL,NULL,NULL,NULL,NULL,NULL,NULL,NULL,NULL,NULL,NULL,NULL,NULL,NULL,NULL,NULL,NULL,NULL,NULL,NULL,"Y","N","Y","N",0,"0.1",8,8,NULL,NULL,NULL,NULL,8,8,NULL,NULL,NULL,NULL,"Y",7874,"2025-05-20 11:42:40.565713","0",1,"День",835,1015,"N","N",NULL,NULL,NULL,NULL,"Y","0.16",NULL,NULL,NULL
"69","69",1,1,"company_skylight","2025-09-23 00:00:00","2025-09-23 00:00:00","На глиссаде при H < 1000 ft велико отклонение от равносигнальной зоны глиссады (более 1 dot ниже глисcсады)","На глиссаде при H < 1000 ft велико отклонение от равносигнальной зоны глиссады (более 1 dot ниже глисcсады)",NULL,NULL,NULL,1,1,"deviation","deviation","2502","RA-02736","3","aircraft_type_3","23511","БАТИН","БАТИН","OMAD","AZI","2736",NULL,"10731","1708","ОТКЛОНЕНИЯ, ВЫЯВЛЕННЫЕ ПО ДАННЫМ ССПИ",NULL,NULL,NULL,NULL,NULL,45,45,"Предпосадочная прямая","Предпосадочная прямая",NULL,"0.08",NULL,NULL,NULL,"Контролируемое снижение « подныривание» ниже профиля нестандартной глиссады (УНГ 3.6') для исключения грубой посадки в условиях очень высокой температуры и смещенного порога ~ 400...500м",NULL,NULL,1,1,"liveware","liveware",NULL,NULL,NULL,NULL,NULL,NULL,NULL,NULL,NULL,NULL,NULL,NULL,NULL,NULL,NULL,NULL,NULL,NULL,NULL,NULL,NULL,NULL,NULL,NULL,NULL,"Y","N","Y","N",0,"1",9,9,NULL,NULL,NULL,NULL,8,8,NULL,NULL,NULL,NULL,"Y",7874,"2025-10-14 13:19:05.989098","0",1,"День",616,796,"N","N",NULL,NULL,NULL,NULL,"Y","0.08",NULL,NULL,NULL
"73","73",1,1,"company_skylight","2025-12-02 00:00:00","2025-12-02 00:00:00","В полете при наличии обледенения обороты N2 левого/ правого двигателя меньше 76%","В полете при наличии обледенения обороты N2 левого/ правого двигателя меньше 76%",NULL,NULL,NULL,2,2,"precursor","precursor","2442","RA-73539","342","aircraft_type_342","16","УЛЬЯНОВСК / ВОСТОЧНЫЙ","УЛЬЯНОВСК / ВОСТОЧНЫЙ","UWLW","ULY","3539",NULL,"10731","1708","ОТКЛОНЕНИЯ, ВЫЯВЛЕННЫЕ ПО ДАННЫМ ССПИ",NULL,NULL,NULL,NULL,NULL,40,40,"Заход на посадку","Заход на посадку",NULL,"0.16",NULL,NULL,NULL,"При анализе данных DFDR отклонений или нарушений в действиях экипажа ВС не выявлено.",NULL,NULL,1,1,"liveware","liveware",NULL,NULL,NULL,NULL,NULL,NULL,NULL,NULL,NULL,NULL,NULL,NULL,NULL,NULL,NULL,NULL,NULL,NULL,NULL,NULL,NULL,NULL,NULL,NULL,NULL,"Y","N","Y","N",0,"0.1",6,6,NULL,NULL,NULL,NULL,9,9,NULL,NULL,NULL,NULL,"Y",7874,"2025-12-22 13:30:27.50822","0",1,"День",494,674,"N","N",NULL,NULL,NULL,NULL,"Y","0.16",NULL,NULL,NULL
"66","66",1,1,"company_skylight","2025-08-01 00:00:00","2025-08-01 00:00:00","Сигнализация BLD 2 OVTEMP – перегрев в правой магистрали отбора воздуха. Срабатывание сигнализации MASTER WARNING в полете.","Сигнализация BLD 2 OVTEMP – перегрев в правой магистрали отбора воздуха. Срабатывание сигнализации MASTER WARNING в полете.",NULL,NULL,NULL,1,1,"deviation","deviation","2242","RA-02751","3","aircraft_type_3","28842","ГЕЛЕНДЖИК","ГЕЛЕНДЖИК","URKG","GDZ","2751",NULL,"10731","1708","ОТКЛОНЕНИЯ, ВЫЯВЛЕННЫЕ ПО ДАННЫМ ССПИ",NULL,NULL,NULL,NULL,NULL,23,23,"Набор заданной высоты","Набор заданной высоты",NULL,"0.04",NULL,NULL,NULL,"Во время набора высоты ВС попало в зону обледенения, что вызвало кратковременное (15-20 сек) срабатывание сигнализации BLD 2 OVTEMP – перегрев в правой магистрали отбора воздуха, после отключения команды ПОС правого двигателя в течении двух секунд сигнализация перегрева пропала. 
Данное событие краткосрочное и не влечет никаких действий по ЛГ ВС. Также сообщение не зафиксировалось на центральном компьютере ВС (СМС). При повторном попадании ВС в зону обледенения никаких отклонений не зафиксировано.",NULL,NULL,2,2,"hardware","hardware",NULL,NULL,NULL,NULL,NULL,NULL,NULL,NULL,NULL,NULL,NULL,NULL,NULL,NULL,NULL,NULL,NULL,NULL,NULL,NULL,NULL,NULL,NULL,NULL,NULL,"N","N","Y","N",0,"1",9,9,NULL,NULL,NULL,NULL,9,9,NULL,NULL,NULL,NULL,"Y",7874,"2025-08-04 11:35:47.674837","0",1,"День",498,678,"N","N",NULL,NULL,NULL,NULL,"Y","0.04",1,"ПМУ",NULL
"71","71",1,1,"company_skylight","2025-10-12 00:00:00","2025-10-12 00:00:00","c.255 Перед взлетом не проводилась или проведена не в полном объеме проверка руля направления","c.255 Перед взлетом не проводилась или проведена не в полном объеме проверка руля направления",NULL,NULL,NULL,2,2,"precursor","precursor","2422","RA-73538","342","aircraft_type_342","23569","АДЛЕР - СОЧИ","АДЛЕР - СОЧИ","URSS","AER","3538",NULL,"10731","1708","ОТКЛОНЕНИЯ, ВЫЯВЛЕННЫЕ ПО ДАННЫМ ССПИ",NULL,NULL,NULL,NULL,NULL,10,10,"До взлета","До взлета",NULL,"0.12",NULL,NULL,NULL,"Данное событие имело место быть по причине не фиксации органов управления рулем направления на 1-3 сек. в крайних положениях.",NULL,NULL,1,1,"liveware","liveware",NULL,NULL,NULL,NULL,NULL,NULL,NULL,NULL,NULL,NULL,NULL,NULL,NULL,NULL,NULL,NULL,NULL,NULL,NULL,NULL,NULL,NULL,NULL,NULL,NULL,"Y","N","Y","N",0,"0.1",9,9,NULL,NULL,NULL,NULL,7,7,NULL,NULL,NULL,NULL,"Y",7874,"2025-10-23 14:19:41.832932","0",1,"День",715,895,"N","N",NULL,NULL,NULL,NULL,"Y","0.12",NULL,NULL,NULL
"37","37",1,1,"company_skylight","2024-06-09 00:00:00","2024-06-09 00:00:00","Масса самолета при посадке больше максимально допустимой","Масса самолета при посадке больше максимально допустимой",NULL,NULL,NULL,1,1,"deviation","deviation","2422","RA-73538","342","aircraft_type_342","23413","САНКТ-ПЕТЕРБУРГ / ПУЛКОВО","САНКТ-ПЕТЕРБУРГ / ПУЛКОВО","ULLI","LED","3538",NULL,"10731","1708","ОТКЛОНЕНИЯ, ВЫЯВЛЕННЫЕ ПО ДАННЫМ ССПИ",NULL,NULL,NULL,NULL,NULL,59,59,"Посадка","Посадка",NULL,"0.16",NULL,NULL,NULL,"Экипажем ВС ошибочно была скопирована информация о количестве заправленного топлива из топливной квитанции. Фактического превышения посадочной массы ВС не было. Внесены исправления в полетную документацию",NULL,NULL,1,1,"liveware","liveware",NULL,NULL,NULL,NULL,NULL,NULL,NULL,NULL,NULL,NULL,NULL,NULL,NULL,NULL,NULL,NULL,NULL,NULL,NULL,NULL,NULL,NULL,NULL,NULL,NULL,"Y","N","Y","N",0,"1",8,8,NULL,NULL,NULL,NULL,8,8,NULL,NULL,NULL,NULL,"N",7874,"2024-06-18 11:09:25.679919","0",2,"Вечерние сумерки",1056,1236,"N","N",NULL,NULL,NULL,NULL,"Y","0.16",1,"ПМУ",NULL
"74","74",1,1,"company_skylight","2025-12-16 00:00:00","2025-12-16 00:00:00","Угол крена в полете более 30 град","Угол крена в полете более 30 град",NULL,NULL,NULL,2,2,"precursor","precursor","2422","RA-73538","342","aircraft_type_342","23529","КАЗАНЬ","КАЗАНЬ","UWKD","KZN","3538",NULL,"10731","1708","ОТКЛОНЕНИЯ, ВЫЯВЛЕННЫЕ ПО ДАННЫМ ССПИ",NULL,NULL,NULL,NULL,NULL,18,18,"Начальный набор высоты","Начальный набор высоты",NULL,"0.24",NULL,NULL,NULL,"Причиной события явилась кратковременная потеря контроля при активном пилотировании по каналу крена из-за отсутствия достаточного опыта пилотирования с правого пилотского сиденья.",NULL,NULL,1,1,"liveware","liveware",NULL,NULL,NULL,NULL,NULL,NULL,NULL,NULL,NULL,NULL,NULL,NULL,NULL,NULL,NULL,NULL,NULL,NULL,NULL,NULL,NULL,NULL,NULL,NULL,NULL,"Y","N","Y","N",0,"0.1",7,7,NULL,NULL,NULL,NULL,8,8,NULL,NULL,NULL,NULL,"Y",7874,"2025-12-25 15:48:21.312278","0",2,"Вечерние сумерки",965,1145,"N","N",NULL,NULL,NULL,NULL,"Y","0.24",NULL,NULL,NULL
"9","9",1,1,"company_skylight","2023-04-27 00:00:00","2023-04-27 00:00:00","Срабатывание сигнализации GPWS Warning","Срабатывание сигнализации GPWS Warning",NULL,NULL,NULL,1,1,"deviation","deviation","6","RA-02752","3","aircraft_type_3","25006","МОСКВА/ШЕРЕМЕТЬЕВО","МОСКВА/ШЕРЕМЕТЬЕВО","UUEE","SVO","RA02752","1331","10732","170840","Отклонения по данным параметрической информации",NULL,NULL,NULL,NULL,NULL,23,23,"Набор заданной высоты","Набор заданной высоты",NULL,"0.04",NULL,NULL,NULL,"Причиной срабатывания сигнализации послужил кратковременный отказ радиовысотомера",NULL,NULL,2,2,"hardware","hardware",NULL,NULL,NULL,NULL,NULL,NULL,NULL,NULL,NULL,NULL,NULL,NULL,NULL,NULL,NULL,NULL,NULL,NULL,NULL,NULL,NULL,NULL,NULL,NULL,NULL,"Y","N","Y","N",0,"1",9,9,NULL,NULL,NULL,NULL,9,9,NULL,NULL,NULL,NULL,"N",1382,"2023-05-18 10:38:46.1423","0",3,"Ночь",1112,NULL,"N","N",2377,"11040","Радиовысотомеры больших и малых высот",NULL,"Y","0.04",NULL,NULL,NULL
"6","6",1,1,"company_skylight","2022-12-21 00:00:00","2022-12-21 00:00:00","Превышение скорости полета с ручкой управления закрылками в положении 22 град","Превышение скорости полета с ручкой управления закрылками в положении 22 град",NULL,NULL,NULL,4,4,"aviation_incident","aviation_incident","6","RA-02752","3","aircraft_type_3","23028","САМАРКАНД","САМАРКАНД","UTSS","SKD","RA02752","1197","10732","170840","Отклонения по данным параметрической информации",NULL,NULL,NULL,NULL,NULL,22,22,"Полет по маршруту","Полет по маршруту",NULL,"0.04",NULL,NULL,NULL,"Причины данного события:
- поздний выпуск закрылков в положение 9 градусов;
- большая поступательная скорость полета ВС перед входом в глиссаду.  
- не соблюдение вторым пилотом стандартных операционных процедур выразившихся в отсутствии контроля с его стороны за поступательной скоростью полета ВС перед установкой рычага выпуска закрылков в положение 22 град.
Событие классифицируется как Инцидент в соответствии с п. 26 ПРАПИ-98 ""Выход за ограничения, оговоренные РЛЭ""",NULL,NULL,1,1,"liveware","liveware",NULL,NULL,NULL,NULL,NULL,NULL,NULL,NULL,NULL,NULL,NULL,NULL,NULL,NULL,NULL,NULL,NULL,NULL,NULL,NULL,NULL,NULL,NULL,NULL,NULL,"Y","N","Y","N",0,"1",9,9,NULL,NULL,NULL,NULL,9,9,NULL,NULL,NULL,NULL,"N",1,"2023-03-20 14:30:12.729781","0",3,"Ночь",777,NULL,"N","N",557,"406","ПРЕДПОЛОЖИТЕЛЬНО ФАКТОРЫ ЭКИПАЖА",NULL,"Y","0.04",NULL,NULL,"1.4"
"4","4",1,1,"company_skylight","2022-11-24 00:00:00","2022-11-24 00:00:00","Поздний довыпуск закрылков в посадочное положение при инструментальном заходе на посадку","Поздний довыпуск закрылков в посадочное положение при инструментальном заходе на посадку",NULL,NULL,NULL,4,4,"aviation_incident","aviation_incident","6","RA-02752","3","aircraft_type_3","23825","МОСКВА / ВНУКОВО","МОСКВА / ВНУКОВО","UUWW","VKO","RA02752","1138","11718","17084046C1","самолету не была придана необходимая посадочная конфигурация (закрылки<30 град.) - признак нестабилизированного захода (проверь 17084036D)",NULL,NULL,NULL,NULL,NULL,40,40,"Заход на посадку","Заход на посадку",NULL,"0.24",NULL,NULL,NULL,"Причины возникновения события:
- указание диспетчера ОрВД о выдерживании повышенной скорости захода до 4 разворота;
- неучет экипажем ВС метеорологических факторов влияющих на начало выпуска механизации крыла;
- ошибочный расчет экипажем ВС этапа начала уменьшения поступательной скорости полета самолета для выпуска механизации в посадочное положение
Событие классифицируется как Инцидент в соответствии с п. 26 ПРАПИ-98 ""Выход за ограничения, оговоренные РЛЭ""",NULL,NULL,1,1,"liveware","liveware",NULL,NULL,NULL,NULL,NULL,NULL,NULL,NULL,NULL,NULL,NULL,NULL,NULL,NULL,NULL,NULL,NULL,NULL,NULL,NULL,NULL,NULL,NULL,NULL,NULL,"Y","N","Y","N",0,"1",7,7,NULL,NULL,NULL,NULL,8,8,NULL,NULL,NULL,NULL,"N",1,"2023-03-20 14:26:21.526491","0",3,"Ночь",1079,NULL,"N","N",557,"406","ПРЕДПОЛОЖИТЕЛЬНО ФАКТОРЫ ЭКИПАЖА",NULL,"Y","0.24",NULL,NULL,"1.8"
"7","7",1,1,"company_skylight","2022-12-24 00:00:00","2022-12-24 00:00:00","Превышение допустимой скорости полета при выпуске шасси","Превышение допустимой скорости полета при выпуске шасси",NULL,NULL,NULL,4,4,"aviation_incident","aviation_incident","6","RA-02752","3","aircraft_type_3","23569","АДЛЕР - СОЧИ","АДЛЕР - СОЧИ","URSS","AER","RA02752","1203","528","170298","ПРОЧИЕ СОБЫТИЯ",NULL,NULL,NULL,NULL,NULL,40,40,"Заход на посадку","Заход на посадку",NULL,"0.08",NULL,NULL,NULL,"Событие классифицируется как Инцидент в соответствии с п. 26 ПРАПИ-98 ""Выход за ограничения, оговоренные РЛЭ""",NULL,NULL,1,1,"liveware","liveware",NULL,NULL,NULL,NULL,NULL,NULL,NULL,NULL,NULL,NULL,NULL,NULL,NULL,NULL,NULL,NULL,NULL,NULL,NULL,NULL,NULL,NULL,NULL,NULL,NULL,"Y","N","Y","Y",1,"1",9,9,NULL,NULL,NULL,NULL,8,8,NULL,NULL,NULL,NULL,"N",1,"2023-03-20 14:38:44.583341","0",3,"Ночь",1361,NULL,"N","N",160,"40","ЭКИПАЖ ВС",NULL,"Y","0.08",NULL,NULL,"1.4"
"31","31",1,1,"company_skylight","2024-04-07 00:00:00","2024-04-07 00:00:00","На глиссаде при H < 1000 ft велико отклонение от равносигнальной зоны глиссады (более 1 dot выше глиссады","На глиссаде при H < 1000 ft велико отклонение от равносигнальной зоны глиссады (более 1 dot выше глиссады",NULL,NULL,NULL,1,1,"deviation","deviation","6","RA-02752","3","aircraft_type_3","23825","МОСКВА / ВНУКОВО","МОСКВА / ВНУКОВО","UUWW","VKO","02752",NULL,NULL,NULL,NULL,NULL,NULL,NULL,NULL,NULL,40,40,"Заход на посадку","Заход на посадку",NULL,"0.08",NULL,NULL,NULL,"Конечный этап захода на посадку был выполнен визуально по огням PAPI, а не по продолженной глиссаде. Отклонение больше одной доты было допущено для уменьшения времени нахождения ВС на ВПП и освобождения ВПП по РД А10 по указанию Диспетчера УВД. После получения указаний Диспетчера УВД экипаж провел shot briefing и оговорил данную процедуру.",NULL,NULL,1,1,"liveware","liveware",NULL,NULL,NULL,NULL,NULL,NULL,NULL,NULL,NULL,NULL,NULL,NULL,NULL,NULL,NULL,NULL,NULL,NULL,NULL,NULL,NULL,NULL,NULL,NULL,NULL,"N","N","Y","N",0,"1",8,8,NULL,NULL,NULL,NULL,9,9,NULL,NULL,NULL,NULL,"N",7334,"2024-04-15 15:34:28.148429","0",3,"Ночь",NULL,NULL,"N","N",NULL,NULL,NULL,NULL,"Y","0.08",1,"ПМУ",NULL
"45","45",1,1,"company_skylight","2024-09-05 00:00:00","2024-09-05 00:00:00","На глиссаде при H<1000 ft велико отклонение от равносигнальной зоны глиссады (более 1 dot ниже глиссады.
Предупреждение GPWS о чрезмерном снижении ниже глиссады","На глиссаде при H<1000 ft велико отклонение от равносигнальной зоны глиссады (более 1 dot ниже глиссады.
Предупреждение GPWS о чрезмерном снижении ниже глиссады",NULL,NULL,NULL,1,1,"deviation","deviation","6","RA-02752","3","aircraft_type_3","24597","МИЛАС/БОДРУМ","МИЛАС/БОДРУМ","LTFE","BJV","2752",NULL,"10731","1708","ОТКЛОНЕНИЯ, ВЫЯВЛЕННЫЕ ПО ДАННЫМ ССПИ",NULL,NULL,NULL,NULL,NULL,45,45,"Предпосадочная прямая","Предпосадочная прямая",NULL,"0.12",NULL,NULL,NULL,"При заходе на посадку в процессе ручного пилотирования, за следующим впереди на посадочной прямой ВС, произошло кратковременное попадание ВС в спутный след с непреднамеренным снижением ниже глиссады до 1 dot, с последующем возвращением на заданную глиссаду. Продолжение захода на посадку и посадка выполнена без отклонений в технике пилотирования.",NULL,NULL,1,1,"liveware","liveware",NULL,NULL,NULL,NULL,NULL,NULL,NULL,NULL,NULL,NULL,NULL,NULL,NULL,NULL,NULL,NULL,NULL,NULL,NULL,NULL,NULL,NULL,NULL,NULL,NULL,"Y","N","Y","N",0,"1",7,7,NULL,NULL,NULL,NULL,9,9,NULL,NULL,NULL,NULL,"Y",7874,"2024-09-12 11:10:15.567026","0",3,"Ночь",1212,1392,"N","N",557,"406","ПРЕДПОЛОЖИТЕЛЬНО ФАКТОРЫ ЭКИПАЖА",NULL,"Y","0.12",NULL,NULL,NULL
"53","53",1,1,"company_skylight","2025-02-09 00:00:00","2025-02-09 00:00:00","с.223 В полете при наличии обледенения не включена ПОС крыла.
с.976 Сигнализация WING A/ICE OVHT - перегрев ПОС крыла
с. 681 Срабатывание сигнализации MASTER WARNING в полете","с.223 В полете при наличии обледенения не включена ПОС крыла.
с.976 Сигнализация WING A/ICE OVHT - перегрев ПОС крыла
с. 681 Срабатывание сигнализации MASTER WARNING в полете",NULL,NULL,NULL,4,4,"aviation_incident","aviation_incident","2442","RA-73539","342","aircraft_type_342","23825","МОСКВА / ВНУКОВО","МОСКВА / ВНУКОВО","UUWW","VKO","3539",NULL,"10731","1708","ОТКЛОНЕНИЯ, ВЫЯВЛЕННЫЕ ПО ДАННЫМ ССПИ",NULL,NULL,NULL,NULL,NULL,40,40,"Заход на посадку","Заход на посадку",NULL,"0.24",NULL,NULL,NULL,"Причиной данного события явился отказ клапана ПОС крыла.",NULL,NULL,1,1,"liveware","liveware",NULL,NULL,NULL,NULL,NULL,NULL,NULL,NULL,NULL,NULL,NULL,NULL,NULL,NULL,NULL,NULL,NULL,NULL,NULL,NULL,NULL,NULL,NULL,NULL,NULL,"Y","N","Y","N",0,"1",8,8,NULL,NULL,NULL,NULL,7,7,NULL,NULL,NULL,NULL,"Y",7874,"2025-03-13 11:34:55.299283","0",3,"Ночь",1236,1416,"N","N",NULL,NULL,NULL,NULL,"Y","0.24",NULL,NULL,NULL
"47","47",1,1,"company_skylight","2024-10-06 00:00:00","2024-10-06 00:00:00","При закрылках в посадочное положение не выпущены шасси","При закрылках в посадочное положение не выпущены шасси",NULL,NULL,NULL,2,2,"precursor","precursor","2442","RA-73539","342","aircraft_type_342","23825","МОСКВА / ВНУКОВО","МОСКВА / ВНУКОВО","UUWW","VKO","3539",NULL,"10731","1708","ОТКЛОНЕНИЯ, ВЫЯВЛЕННЫЕ ПО ДАННЫМ ССПИ",NULL,NULL,NULL,NULL,NULL,40,40,"Заход на посадку","Заход на посадку",NULL,"0.08",NULL,NULL,NULL,"Причиной события явилось выполнение укороченного захода на посадку с необходимостью быстрой потери высоты и скорости.",NULL,NULL,1,1,"liveware","liveware",NULL,NULL,NULL,NULL,NULL,NULL,NULL,NULL,NULL,NULL,NULL,NULL,NULL,NULL,NULL,NULL,NULL,NULL,NULL,NULL,NULL,NULL,NULL,NULL,NULL,"Y","N","Y","N",0,"0.1",9,9,NULL,NULL,NULL,NULL,8,8,NULL,NULL,NULL,NULL,"Y",7874,"2024-10-16 11:54:10.715117","0",3,"Ночь",1250,1430,"N","N",NULL,NULL,NULL,NULL,"Y","0.08",NULL,NULL,NULL
"65","65",1,1,"company_skylight","2025-07-27 00:00:00","2025-07-27 00:00:00","Превышена максимально допустимая скорость (160 knots) без перебалансировки после взлета / в наборе высоты","Превышена максимально допустимая скорость (160 knots) без перебалансировки после взлета / в наборе высоты",NULL,NULL,NULL,2,2,"precursor","precursor","2242","RA-02751","3","aircraft_type_3","44387","ISTANBUL/ISTANBUL NEW AIRPORT","ISTANBUL/ISTANBUL NEW AIRPORT","LTFM","IST","2751",NULL,"10731","1708","ОТКЛОНЕНИЯ, ВЫЯВЛЕННЫЕ ПО ДАННЫМ ССПИ",NULL,NULL,NULL,NULL,NULL,17,17,"Отрыв","Отрыв",NULL,"0.16",NULL,NULL,NULL,"После взлета из-за отсутствия нагрузки на штурвал балансировка ВС выполнена при достижении скорости 160 узлов.",NULL,NULL,1,1,"liveware","liveware",NULL,NULL,NULL,NULL,NULL,NULL,NULL,NULL,NULL,NULL,NULL,NULL,NULL,NULL,NULL,NULL,NULL,NULL,NULL,NULL,NULL,NULL,NULL,NULL,NULL,"Y","N","Y","N",0,"0.1",8,8,NULL,NULL,NULL,NULL,8,8,NULL,NULL,NULL,NULL,"Y",7874,"2025-07-29 12:03:04.514392","0",3,"Ночь",1132,1312,"N","N",NULL,NULL,NULL,NULL,"Y","0.16",NULL,NULL,NULL
"68","68",1,1,"company_skylight","2025-10-09 00:00:00","2025-10-09 00:00:00","Спрямление в районе Шри-Ланки по маршруту Внуково - Мале в нарушении распоряжения лётного директора","Спрямление в районе Шри-Ланки по маршруту Внуково - Мале в нарушении распоряжения лётного директора",NULL,NULL,NULL,2,2,"precursor","precursor","2422","RA-73538","342","aircraft_type_342",NULL,NULL,NULL,NULL,NULL,"3538",NULL,"528","170298","ПРОЧИЕ СОБЫТИЯ",NULL,NULL,NULL,NULL,NULL,22,22,"Полет по маршруту","Полет по маршруту",NULL,"0.04",NULL,NULL,NULL,NULL,NULL,NULL,NULL,NULL,NULL,NULL,NULL,NULL,NULL,NULL,NULL,NULL,NULL,NULL,NULL,NULL,NULL,NULL,NULL,NULL,NULL,NULL,NULL,NULL,NULL,NULL,NULL,NULL,NULL,NULL,NULL,"N","N","Y","N",0,"0.1",9,9,NULL,NULL,NULL,NULL,9,9,NULL,NULL,NULL,NULL,"Y",7334,"2025-10-09 11:42:59.026456","0",3,"Ночь",NULL,NULL,"N","N",NULL,NULL,NULL,NULL,"Y","0.04",NULL,NULL,NULL
"70","70",1,1,"company_skylight","2025-10-11 00:00:00","2025-10-11 00:00:00","c.415 Тангаж на выравнивании перед посадкой / посадке более 10 град (нос вверх)","c.415 Тангаж на выравнивании перед посадкой / посадке более 10 град (нос вверх)",NULL,NULL,NULL,1,1,"deviation","deviation","2422","RA-73538","342","aircraft_type_342","23569","АДЛЕР - СОЧИ","АДЛЕР - СОЧИ","URSS","AER","3538",NULL,"10731","1708","ОТКЛОНЕНИЯ, ВЫЯВЛЕННЫЕ ПО ДАННЫМ ССПИ",NULL,NULL,NULL,NULL,NULL,45,45,"Предпосадочная прямая","Предпосадочная прямая",NULL,"0.08",NULL,NULL,NULL,"Данное событие не подлежит расследованию.",NULL,NULL,1,1,"liveware","liveware",NULL,NULL,NULL,NULL,NULL,NULL,NULL,NULL,NULL,NULL,NULL,NULL,NULL,NULL,NULL,NULL,NULL,NULL,NULL,NULL,NULL,NULL,NULL,NULL,NULL,"N","N","Y","N",0,"1",9,9,NULL,NULL,NULL,NULL,8,8,NULL,NULL,NULL,NULL,"Y",7874,"2025-10-23 14:05:46.963788","0",3,"Ночь",1086,1266,"N","N",NULL,NULL,NULL,NULL,"Y","0.08",NULL,NULL,NULL
"51","51",1,1,"company_skylight","2024-11-28 00:00:00","2024-11-28 00:00:00","Нехарактерный запах в кабине экипажа","Нехарактерный запах в кабине экипажа",NULL,NULL,NULL,2,2,"precursor","precursor","6","RA-02752","3","aircraft_type_3","38892","АЛЬ МАКТУМ/АЛЬ МАКТУМ МЕЖД.","АЛЬ МАКТУМ/АЛЬ МАКТУМ МЕЖД.","OMDW","DWC","LSK2752",NULL,"311","170200","ОТКАЗ/НЕИСПРАВНОСТЬ/НЕКОРРЕКТНАЯ РАБОТА СИСТЕМ, ОБОРУДОВАНИЯ ВС",NULL,NULL,NULL,NULL,NULL,15,15,"Взлет","Взлет",NULL,"0.08",NULL,NULL,NULL,NULL,NULL,NULL,2,2,"hardware","hardware",NULL,NULL,NULL,NULL,NULL,NULL,NULL,NULL,NULL,NULL,NULL,NULL,NULL,NULL,NULL,NULL,NULL,NULL,NULL,NULL,NULL,NULL,NULL,NULL,NULL,"Y","N","Y","N",0,"0.1",9,9,NULL,NULL,NULL,NULL,8,8,NULL,NULL,NULL,NULL,"Y",7334,"2024-12-05 16:43:23.29952","0",NULL,NULL,NULL,NULL,"N","N",NULL,NULL,NULL,NULL,NULL,"0.08",NULL,NULL,NULL
"5","5",1,1,"company_skylight","2022-12-16 00:00:00","2022-12-16 00:00:00","Вылет с просроченными пиропатронами","Вылет с просроченными пиропатронами",NULL,NULL,NULL,4,4,"aviation_incident","aviation_incident","1","RA-25234","1","aircraft_type_1",NULL,NULL,NULL,NULL,NULL,"RA25234","1175","528","170298","ПРОЧИЕ СОБЫТИЯ",NULL,NULL,NULL,NULL,NULL,77,77,"Техническое обслуживание ВС","Техническое обслуживание ВС",NULL,"0.08",NULL,NULL,NULL,"Событие классифицируется как инцидент по п.22 ПРАПИ-98 Вылет воздушного судна, не считающегося исправным",NULL,NULL,1,1,"liveware","liveware",NULL,NULL,NULL,NULL,NULL,NULL,NULL,NULL,NULL,NULL,NULL,NULL,NULL,NULL,NULL,NULL,NULL,NULL,NULL,NULL,NULL,NULL,NULL,NULL,NULL,"Y","N","Y","N",0,"1",9,9,NULL,NULL,NULL,NULL,8,8,NULL,NULL,NULL,NULL,"N",1,"2023-03-20 14:28:05.21262","0",NULL,NULL,NULL,NULL,"N","N",561,"501","НЕДОСТАТКИ В ОРГАНИЗАЦИИ РАБОТ И КОНТРОЛЕ",NULL,"Y","0.08",NULL,NULL,NULL
"16","16",1,1,"company_skylight","2023-07-11 00:00:00","2023-07-11 00:00:00","Перед полетом не проверены гидросистемы","Перед полетом не проверены гидросистемы",NULL,NULL,NULL,2,2,"precursor","precursor","1","RA-25234","1","aircraft_type_1","44490","Верхний Уймон","Верхний Уймон","ВУЙМ",NULL,"5234",NULL,"11543","170300","Отсутствие контроля по чек-листу (CL)",NULL,NULL,NULL,NULL,NULL,5,5,"Двигатели работают, вс на стоянке","Двигатели работают, вс на стоянке",NULL,"0.16",NULL,NULL,NULL,NULL,NULL,NULL,1,1,"liveware","liveware",NULL,NULL,NULL,NULL,NULL,NULL,NULL,NULL,NULL,NULL,NULL,NULL,NULL,NULL,NULL,NULL,NULL,NULL,NULL,NULL,NULL,NULL,NULL,NULL,NULL,"Y","N","Y","N",0,"0.1",8,8,NULL,NULL,NULL,NULL,8,8,NULL,NULL,NULL,NULL,"N",7334,"2023-07-25 10:51:40.381576","0",NULL,NULL,NULL,NULL,"N","N",329,"40422","не выполнены операции по подготовке к работе",NULL,"Y","0.16",NULL,NULL,NULL
"17","17",1,1,"company_skylight","2023-08-29 00:00:00","2023-08-29 00:00:00","Превышение вертикальной скорости снижения 1000 ft/min на глиссаде при H < 500 ft  при визуальном заходе","Превышение вертикальной скорости снижения 1000 ft/min на глиссаде при H < 500 ft  при визуальном заходе",NULL,NULL,NULL,1,1,"deviation","deviation","6","RA-02752","3","aircraft_type_3","23206","АНКАРА/ЕСЕНБОГА","АНКАРА/ЕСЕНБОГА","LTAC","ESB","02752",NULL,"10732","170840","Отклонения по данным параметрической информации",NULL,NULL,NULL,NULL,NULL,40,40,"Заход на посадку","Заход на посадку",NULL,"0.04",NULL,NULL,NULL,NULL,NULL,NULL,1,1,"liveware","liveware",NULL,NULL,NULL,NULL,NULL,NULL,NULL,NULL,NULL,NULL,NULL,NULL,NULL,NULL,NULL,NULL,NULL,NULL,NULL,NULL,NULL,NULL,NULL,NULL,NULL,"Y","N","Y","N",0,"1",9,9,NULL,NULL,NULL,NULL,9,9,NULL,NULL,NULL,NULL,"N",7334,"2023-09-05 12:25:49.340131","0",NULL,NULL,NULL,NULL,"N","N",NULL,NULL,NULL,NULL,"Y","0.04",NULL,NULL,NULL
"18","18",1,1,"company_skylight","2023-08-29 00:00:00","2023-08-29 00:00:00","Расстояние от пролета торца ВПП до касания более 800 м","Расстояние от пролета торца ВПП до касания более 800 м",NULL,NULL,NULL,1,1,"deviation","deviation","6","RA-02752","3","aircraft_type_3","23206","АНКАРА/ЕСЕНБОГА","АНКАРА/ЕСЕНБОГА","LTAC","ESB","02752",NULL,"11710","170840381","посадка на удалении от порога ВПП  > 800м, но менее или равно 1000м",NULL,NULL,NULL,NULL,NULL,62,62,"Приземление/приводнение","Приземление/приводнение",NULL,"0.04",NULL,NULL,NULL,NULL,NULL,NULL,1,1,"liveware","liveware",NULL,NULL,NULL,NULL,NULL,NULL,NULL,NULL,NULL,NULL,NULL,NULL,NULL,NULL,NULL,NULL,NULL,NULL,NULL,NULL,NULL,NULL,NULL,NULL,NULL,"Y","N","Y","N",0,"1",9,9,NULL,NULL,NULL,NULL,9,9,NULL,NULL,NULL,NULL,"N",7334,"2023-09-05 12:34:21.622671","0",NULL,NULL,NULL,NULL,"N","N",160,"40","ЭКИПАЖ ВС",NULL,"Y","0.04",NULL,NULL,NULL
"24","24",1,1,"company_skylight","2024-01-13 00:00:00","2024-01-13 00:00:00","13.01.24 на рейсе LSK-2752 Внуково - Минск при заходе на посадку произошло срабатывание EGPWS.","13.01.24 на рейсе LSK-2752 Внуково - Минск при заходе на посадку произошло срабатывание EGPWS.",NULL,NULL,NULL,1,1,"deviation","deviation","6","RA-02752","3","aircraft_type_3","24112","МИНСК","МИНСК","UMMS","MSQ","LSK-02752",NULL,"528","170298","ПРОЧИЕ СОБЫТИЯ",NULL,NULL,NULL,NULL,NULL,40,40,"Заход на посадку","Заход на посадку",NULL,"0.16",NULL,NULL,NULL,"Сигналы «Caution Terrain”, “Terrain, Pull up” были вызваны отсутствием должной точности навигации (отсутствовал GPS, погрешность определения местоположения составляла 22nm). При этом присутствовал визуальный контакт с ВПП и ее ориентирами, сигналы были идентифицированы экипажем как ложные и заглушены кнопкой ""Terrain inhibit""
Согласно полученным Результатам обработки полетной информации 0002-01 от 13.01.2024 г. сигнализация предупреждения близости земли сработала до высоты стабилизации в условиях VMC (выше 500 ft), а именно равной 955 ft при включенном автопилоте и полном захвате луча КГС, так же подтвердилось, что экипаж отключил сигналы EGPWS. На высоте 500 ft ВС было стабилизировано по всем показателям, посадка произведена штатно и безопасно, без отклонений в технике пилотирования.",NULL,NULL,3,3,"environment","environment",NULL,NULL,NULL,NULL,NULL,NULL,NULL,NULL,NULL,NULL,NULL,NULL,NULL,NULL,NULL,NULL,NULL,NULL,NULL,NULL,NULL,NULL,NULL,NULL,NULL,"Y","N","Y","N",0,"1",8,8,NULL,NULL,NULL,NULL,8,8,NULL,NULL,NULL,NULL,"N",7334,"2024-01-16 14:18:48.03557","0",NULL,NULL,NULL,NULL,"N","N",7763,"ENVIRONMENT","ВНЕШНЯЯ СРЕДА",NULL,"Y","0.16",NULL,NULL,NULL
"29","29",1,1,"company_skylight","2024-02-19 00:00:00","2024-02-19 00:00:00","На глиссаде при H < 1000 ft велико отклонение от равносигнальной зоны глиссады (более 1 dot выше глиссады)","На глиссаде при H < 1000 ft велико отклонение от равносигнальной зоны глиссады (более 1 dot выше глиссады)",NULL,NULL,NULL,1,1,"deviation","deviation","6","RA-02752","3","aircraft_type_3","23825","МОСКВА / ВНУКОВО","МОСКВА / ВНУКОВО","UUWW","VKO","02752",NULL,NULL,NULL,NULL,NULL,NULL,NULL,NULL,NULL,40,40,"Заход на посадку","Заход на посадку",NULL,"0.08",NULL,NULL,NULL,"отклонение самолета более 1 dot выше глиссады было обусловлено сильным порывистым боковым ветром с тенденциями «вспучивания» и «просадки» самолета на предпосадочной прямой. Надежный визуальный контакт с ВПП позволил продолжить заход и посадку с коррекцией самолета по глиссаде. Особенности пилотирования в данных условиях были разобраны на послеполетном разборе",NULL,NULL,3,3,"environment","environment",NULL,NULL,NULL,NULL,NULL,NULL,NULL,NULL,NULL,NULL,NULL,NULL,NULL,NULL,NULL,NULL,NULL,NULL,NULL,NULL,NULL,NULL,NULL,NULL,NULL,"N","N","Y","N",0,"1",8,8,NULL,NULL,NULL,NULL,9,9,NULL,NULL,NULL,NULL,"N",7334,"2024-03-19 12:28:07.190148","0",NULL,NULL,NULL,NULL,"N","N",NULL,NULL,NULL,NULL,"Y","0.08",NULL,NULL,NULL
"21","21",1,1,"company_skylight","2023-11-27 00:00:00","2023-11-27 00:00:00","При инструментальном заходе вертикальная скорость снижения на глиссаде больше 1000 ft/min","При инструментальном заходе вертикальная скорость снижения на глиссаде больше 1000 ft/min",NULL,NULL,NULL,1,1,"deviation","deviation","6","RA-02752","3","aircraft_type_3","23825","МОСКВА / ВНУКОВО","МОСКВА / ВНУКОВО","UUWW","VKO","RA-02752",NULL,"10731","1708","ОТКЛОНЕНИЯ, ВЫЯВЛЕННЫЕ ПО ДАННЫМ ССПИ",NULL,NULL,NULL,NULL,NULL,45,45,"Предпосадочная прямая","Предпосадочная прямая",NULL,"0.08",NULL,NULL,NULL,"Согласно результатам обработки полетной информации показание вертикальной скорости захода на посадку было отмечено на высоте 1900 ft, что значительно выше высоты стабилизации в IMC. Вертикальная скорость снижения составила 1217 ft/min из-за сильного порывистого ветра, так как ВС находилось в глиссаде с подключенным автопилотом который парировал ветер создавая углы тангажа кратковременно от +4/-3 градусов, на что PF выполнил правильные действия, а именно отключил автопилот и парировал ветер в ручном управлении, что позволило уменьшить отклонение вертикальной скорости от нормальных показаний, но не исключить это отклонение полостью.
Авиационное событие не подтвердилось.",NULL,NULL,3,3,"environment","environment",NULL,NULL,NULL,NULL,NULL,NULL,NULL,NULL,NULL,NULL,NULL,NULL,NULL,NULL,NULL,NULL,NULL,NULL,NULL,NULL,NULL,NULL,NULL,NULL,NULL,"N","N","Y","N",0,"1",8,8,NULL,NULL,NULL,NULL,9,9,NULL,NULL,NULL,NULL,"N",7334,"2023-11-29 12:22:52.535176","0",NULL,NULL,NULL,NULL,"N","N",4649,"EC1060","прочие",NULL,"Y","0.08",NULL,NULL,NULL
"22","22",1,1,"company_skylight","2023-12-04 00:00:00","2023-12-04 00:00:00","В полете при наличии обледенения обороты N2 правого двигателя меньше 76%","В полете при наличии обледенения обороты N2 правого двигателя меньше 76%",NULL,NULL,NULL,1,1,"deviation","deviation","7","RA-73533","342","aircraft_type_342","23825","МОСКВА / ВНУКОВО","МОСКВА / ВНУКОВО","UUWW","VKO","73533",NULL,"10731","1708","ОТКЛОНЕНИЯ, ВЫЯВЛЕННЫЕ ПО ДАННЫМ ССПИ",NULL,NULL,NULL,NULL,NULL,40,40,"Заход на посадку","Заход на посадку",NULL,"0.16",NULL,NULL,NULL,"При выполнении рейса RA-73533 на ВС BD-700 18.10.2023г. по маршруту UMMS-UUWW было допущено уменьшение режима двигателей ниже 76% при полете в условиях обледенения при выполнении снижения для захода на посадку. В силу того, что ВС находилось в фазе гашения скорости для выпуска механизации на крайнем этапе с целью подготовки к посадке и наличии зеленого сообщения WAI для обоих двигателей, что допускают  требования QRH и AFM, было допущено данное отклонение. В дальнейшем при выпущенной механизации данное отклонение не допускалось.",NULL,NULL,1,1,"liveware","liveware",NULL,NULL,NULL,NULL,NULL,NULL,NULL,NULL,NULL,NULL,NULL,NULL,NULL,NULL,NULL,NULL,NULL,NULL,NULL,NULL,NULL,NULL,NULL,NULL,NULL,"N","N","Y","N",0,"1",8,8,NULL,NULL,NULL,NULL,8,8,NULL,NULL,NULL,NULL,"N",7334,"2023-12-04 11:53:27.852746","0",NULL,NULL,NULL,NULL,"N","N",NULL,NULL,NULL,NULL,"Y","0.16",NULL,NULL,NULL
"19","19",1,1,"company_skylight","2023-08-31 00:00:00","2023-08-31 00:00:00","Срабатывание сигнализации о неперекладке  реверса двигателя №1","Срабатывание сигнализации о неперекладке  реверса двигателя №1",NULL,NULL,NULL,1,1,"deviation","deviation","6","RA-02752","3","aircraft_type_3","23825","МОСКВА / ВНУКОВО","МОСКВА / ВНУКОВО","UUWW","VKO","02752",NULL,"1","1702080","РЕВЕРС ТЯГИ",NULL,NULL,NULL,NULL,NULL,64,64,"Пробег с реверсом","Пробег с реверсом",NULL,"0.16",NULL,NULL,NULL,NULL,NULL,NULL,2,2,"hardware","hardware",NULL,NULL,NULL,NULL,NULL,NULL,NULL,NULL,NULL,NULL,NULL,NULL,NULL,NULL,NULL,NULL,NULL,NULL,NULL,NULL,NULL,NULL,NULL,NULL,NULL,"Y","N","Y","N",0,"1",6,6,NULL,NULL,NULL,NULL,9,9,NULL,NULL,NULL,NULL,"N",7334,"2023-09-06 13:00:05.329734","0",NULL,NULL,NULL,NULL,"N","N",2291,"071","СИЛОВАЯ УСТАНОВКА",NULL,"Y","0.16",NULL,NULL,NULL
"23","23",1,1,"company_skylight","2023-12-11 00:00:00","2023-12-11 00:00:00","При взлете позднее включение автомата тяги (на скорости более 60 knots)","При взлете позднее включение автомата тяги (на скорости более 60 knots)",NULL,NULL,NULL,1,1,"deviation","deviation","7","RA-73533","342","aircraft_type_342",NULL,NULL,NULL,NULL,NULL,"73533",NULL,"10731","1708","ОТКЛОНЕНИЯ, ВЫЯВЛЕННЫЕ ПО ДАННЫМ ССПИ",NULL,NULL,NULL,NULL,NULL,23,23,"Набор заданной высоты","Набор заданной высоты",NULL,"0.16",NULL,NULL,NULL,NULL,NULL,NULL,1,1,"liveware","liveware",NULL,NULL,NULL,NULL,NULL,NULL,NULL,NULL,NULL,NULL,NULL,NULL,NULL,NULL,NULL,NULL,NULL,NULL,NULL,NULL,NULL,NULL,NULL,NULL,NULL,"N","N","Y","N",0,"1",8,8,NULL,NULL,NULL,NULL,8,8,NULL,NULL,NULL,NULL,"N",7334,"2023-12-11 14:18:14.003122","0",NULL,NULL,NULL,NULL,"N","N",NULL,NULL,NULL,NULL,"Y","0.16",NULL,NULL,NULL
"20","20",1,1,"company_skylight","2023-10-05 00:00:00","2023-10-05 00:00:00","При заходе на посадку экипажем из-за установки ручки управления закрылков в промежуточное положение (между 9 и 22 градусами) было допущено уменьшение скорости с закрылками 9 градусов ниже 160 KIAS","При заходе на посадку экипажем из-за установки ручки управления закрылков в промежуточное положение (между 9 и 22 градусами) было допущено уменьшение скорости с закрылками 9 градусов ниже 160 KIAS",NULL,NULL,NULL,2,2,"precursor","precursor","6","RA-02752","3","aircraft_type_3","42524","БИШКЕК","БИШКЕК","UCFM","FRU","02752",NULL,"398","170229","СОЗДАНИЕ ПОСАДОЧНОЙ КОНФИГУРАЦИИ НА ГЛИССАДЕ (ЗА ИСКЛЮЧЕНИЕМ СЛУЧАЕВ, ПРЕДУСМОТРЕННЫХ РЛЭ)",NULL,NULL,NULL,NULL,NULL,40,40,"Заход на посадку","Заход на посадку",NULL,"0.08",NULL,NULL,NULL,"Данное Авиационное Событие произошло из-за недостаточного контроля со стороны экипажа выпуска и проверки выпуска механизации крыла в посадочное положение, а именно на угол 22 градуса. Ручка выбора положения закрылков была перемещена с положения 9 градусов, но не дошла до положения 22 градуса оставшись в промежуточном положении. Cогласно SOPM EMB-135BJ, PF подает команду ""LANDING GEAR DOWN, FLAPS 22"", на что PM выпускает шасси и механизацию крыла без дополнительного ответа и последующей проверки. Проверка посадочной конфигурации ВС происходит только во время выполнения карты контрольной проверки перед посадкой (Before Landing Checklist), что и было выполнено экипажем заблаговременно, но не исключило выход за пределы допустимой скорости полета с закрылками в положении 9 градусов.",NULL,NULL,1,1,"liveware","liveware",NULL,NULL,NULL,NULL,NULL,NULL,NULL,NULL,NULL,NULL,NULL,NULL,NULL,NULL,NULL,NULL,NULL,NULL,NULL,NULL,NULL,NULL,NULL,NULL,NULL,"Y","N","Y","N",0,"0.1",9,9,NULL,NULL,NULL,NULL,8,8,NULL,NULL,NULL,NULL,"N",7334,"2023-10-09 11:15:26.240074","0",NULL,NULL,NULL,NULL,"N","N",522,"404Z9","неправильная эксплуатация",NULL,"Y","0.08",NULL,NULL,NULL
"25","25",1,1,"company_skylight","2024-01-16 00:00:00","2024-01-16 00:00:00","При заходе на посадку возможно кратковременное превышение скорости VREF более чем на 10 узлов ниже 500ft AGL и приземление на удалении более 800м от торца.","При заходе на посадку возможно кратковременное превышение скорости VREF более чем на 10 узлов ниже 500ft AGL и приземление на удалении более 800м от торца.",NULL,NULL,NULL,2,2,"precursor","precursor","6","RA-02752","3","aircraft_type_3","23825","МОСКВА / ВНУКОВО","МОСКВА / ВНУКОВО","UUWW","VKO","LSK-2752",NULL,NULL,NULL,NULL,NULL,NULL,NULL,NULL,NULL,40,40,"Заход на посадку","Заход на посадку",NULL,"0.12",NULL,NULL,NULL,"Вызвано сдвигом ветра на прямой в связи с постоянно ухудшающейся погодой на а/д Внуково. Безопасности полёта ничего не угрожало, тк самолёт покинул ВПП 24 по рд А10 (за 1200м до конца ВПП) при этом используя реверс в положении малый газ и штатное торможение.

Согласно полученным Результатам обработки полетной информации 0002-03 от 14.01.2024 г. отклонения в технике пилотирования выявлены не были. Максимальная скорость Vref составила 140 узлов при расчетных 131 kt, высота пролета ВС от торца ВПП до точки касания составила 778 м., что менее 800 м. 

Считаю, что действия PF по предоставлению информации о возможных отклонениях в технике пилотирования верны, это показывает, что экипаж выполняет свои функции пилотирования и контроля пилотирования грамотно, согласно SOPM и выявляет возможные отклонения с учетом сложных фактических метеоусловий.",NULL,NULL,3,3,"environment","environment",NULL,NULL,NULL,NULL,NULL,NULL,NULL,NULL,NULL,NULL,NULL,NULL,NULL,NULL,NULL,NULL,NULL,NULL,NULL,NULL,NULL,NULL,NULL,NULL,NULL,"N","N","Y","N",0,"0.1",7,7,NULL,NULL,NULL,NULL,9,9,NULL,NULL,NULL,NULL,"N",7334,"2024-01-16 14:37:33.28213","0",NULL,NULL,NULL,NULL,"N","N",160,"40","ЭКИПАЖ ВС",NULL,"Y","0.12",NULL,NULL,NULL
"32","32",1,1,"company_skylight","2024-04-20 00:00:00","2024-04-20 00:00:00","Превышена максимально допустимая скорость (160 knots) без перебалансировки после взлета в наборе высоты","Превышена максимально допустимая скорость (160 knots) без перебалансировки после взлета в наборе высоты",NULL,NULL,NULL,2,2,"precursor","precursor","6","RA-02752","3","aircraft_type_3","39588","ОРЕНБУРГ","ОРЕНБУРГ","UWOO","REN","2752",NULL,"10731","1708","ОТКЛОНЕНИЯ, ВЫЯВЛЕННЫЕ ПО ДАННЫМ ССПИ",NULL,NULL,NULL,NULL,NULL,18,18,"Начальный набор высоты","Начальный набор высоты",NULL,"0.24",NULL,NULL,NULL,"Было получено объяснение обстоятельств отклонения у пилотирующего пилота. Полнота ответа не обеспечила понимания причины допущенного отклонения. Принято решение провести дополнительное занятие с пилотирующим членом экипажа с привлечением Старшего пилота-инструктора по типу ВС и Начальника ЛМО. Дополнительное ТО не предусмотрено",NULL,NULL,1,1,"liveware","liveware",NULL,NULL,NULL,NULL,NULL,NULL,NULL,NULL,NULL,NULL,NULL,NULL,NULL,NULL,NULL,NULL,NULL,NULL,NULL,NULL,NULL,NULL,NULL,NULL,NULL,"Y","N","Y","N",0,"0.1",7,7,NULL,NULL,NULL,NULL,8,8,NULL,NULL,NULL,NULL,"N",7334,"2024-04-25 13:00:13.746296","0",NULL,NULL,NULL,NULL,"N","N",NULL,NULL,NULL,NULL,"Y","0.24",NULL,NULL,NULL
"30","30",1,1,"company_skylight","2024-03-19 00:00:00","2024-03-19 00:00:00","При выполнении рейса по маршруту Бишкек-Внуково, на эшелоне 400, после пролета точки MOF произошла полная потеря сигнала GPS с постоянным увеличением погрешности точности (шифта) IRS и срабатыванием сигнализации близости земли.","При выполнении рейса по маршруту Бишкек-Внуково, на эшелоне 400, после пролета точки MOF произошла полная потеря сигнала GPS с постоянным увеличением погрешности точности (шифта) IRS и срабатыванием сигнализации близости земли.",NULL,NULL,NULL,1,1,"deviation","deviation","6","RA-02752","3","aircraft_type_3",NULL,NULL,NULL,NULL,NULL,"LSK2752",NULL,NULL,NULL,NULL,NULL,NULL,NULL,NULL,NULL,22,22,"Полет по маршруту","Полет по маршруту",NULL,"0.08",NULL,NULL,NULL,"Управление автопилотом lateral mode было переключено из NAV в HDG для удерживания предыдущего курса полета и отключена сигнализация GPWS в связи с ложным ее срабатыванием. Экипаж доложил о потере сигнала GPS диспетчеру УВД и запросил «векторение» для продолжения полета на аэродром назначения. Посадка в аэропорту Внуково была произведена безопасно",NULL,NULL,3,3,"environment","environment",NULL,NULL,NULL,NULL,NULL,NULL,NULL,NULL,NULL,NULL,NULL,NULL,NULL,NULL,NULL,NULL,NULL,NULL,NULL,NULL,NULL,NULL,NULL,NULL,NULL,"Y","N","Y","N",0,"1",9,9,NULL,NULL,NULL,NULL,8,8,NULL,NULL,NULL,NULL,"N",7334,"2024-03-21 12:53:30.893648","0",NULL,NULL,NULL,NULL,"N","N",NULL,NULL,NULL,NULL,"Y","0.08",NULL,NULL,NULL
"27","27",1,1,"company_skylight","2024-02-19 00:00:00","2024-02-19 00:00:00","Не выполнена предполетная проверка радиовысотомера","Не выполнена предполетная проверка радиовысотомера",NULL,NULL,NULL,1,1,"deviation","deviation","2262","RA-25354","362","aircraft_type_362","44491","Бодайбо","Бодайбо",NULL,NULL,"25354",NULL,"10731","1708","ОТКЛОНЕНИЯ, ВЫЯВЛЕННЫЕ ПО ДАННЫМ ССПИ",NULL,NULL,NULL,NULL,NULL,2,2,"Запуск двигателей","Запуск двигателей",NULL,"0.16","Агалаков Иван Иванович",NULL,NULL,"Из объяснений экипажа данная проверка проводилась в полном объеме. Назначен тренаж по действиям с арматурой кабины при выполнении предполетной подготовки. При выполнении следующих рейсах выполнить раздельную проверку для выяснения причин.",NULL,NULL,1,1,"liveware","liveware",NULL,NULL,NULL,NULL,NULL,NULL,NULL,NULL,NULL,NULL,NULL,NULL,NULL,NULL,NULL,NULL,NULL,NULL,NULL,NULL,NULL,NULL,NULL,NULL,NULL,"N","N","Y","N",0,"1",8,8,NULL,NULL,NULL,NULL,8,8,NULL,NULL,NULL,NULL,"N",7334,"2024-02-21 13:10:58.671278","0",NULL,NULL,NULL,NULL,"N","N",7762,"MASHINE","УТОЧНЯЮЩИЕ ХАРАКТЕРИСТИКИ ФАКТОРОВ ТЕХНИКИ",NULL,"Y","0.16",NULL,NULL,NULL
"26","26",1,1,"company_skylight","2024-01-05 00:00:00","2024-01-05 00:00:00","Не использование реверса тяги после посадки в DWC","Не использование реверса тяги после посадки в DWC",NULL,NULL,NULL,1,1,"deviation","deviation","7","RA-73533","342","aircraft_type_342","38892","АЛЬ МАКТУМ/АЛЬ МАКТУМ МЕЖД.","АЛЬ МАКТУМ/АЛЬ МАКТУМ МЕЖД.","OMDW","DWC","73533",NULL,"10731","1708","ОТКЛОНЕНИЯ, ВЫЯВЛЕННЫЕ ПО ДАННЫМ ССПИ",NULL,NULL,NULL,NULL,NULL,59,59,"Посадка","Посадка",NULL,"0.16",NULL,NULL,NULL,"Семейство Глобал посадка без реверса
Событие: посадка в OMDW 5 января 2024
PF Сердюк А. Н. 
PM Шныпко Д. М. 
Посадка в аэропорту Аль Мактум без реверса не является нарушением эксплуатации ВС BD-700 , либо ослаблением БП по следующим  причинам:
	1.	Согласно РПП п. 6.5.4.77 использование реверса не является обязательным. 
	2.	Раздел AFM LIMITATIONS SYSTEMS Подраздел G. также не устанавливает такие ограничения. 
	3.	Отсутствовали отказы техники, лимитирующие не использование реверса. 
	4.	Погодные условия и состояние ВПП не препятствовали посадке без реверса. 
	5.	Согласно ORH1 PERF-3-13, посадочная дистанция без реверса увеличивается на коэффициент 1,17, что при рассчитанных данных для данной посадки составляло около 6000 футов. 
	6.	LDA для полосы 12 составляет 14764 футов, что превышает необходимую посадочную дистанцию более, чем вдвое. 
	7.	Диспетчер Вышки Аль Мактум попросил освобождение полосы по РД V16, которая находиться в конце второй половины ВПП. 
На основании вышеизложенной информации решение об не использовании реверса не создавало угрозу БП.",NULL,NULL,1,1,"liveware","liveware",NULL,NULL,NULL,NULL,NULL,NULL,NULL,NULL,NULL,NULL,NULL,NULL,NULL,NULL,NULL,NULL,NULL,NULL,NULL,NULL,NULL,NULL,NULL,NULL,NULL,"N","N","Y","N",0,"1",8,8,NULL,NULL,NULL,NULL,8,8,NULL,NULL,NULL,NULL,"N",7334,"2024-01-29 17:21:50.795468","0",NULL,NULL,NULL,NULL,"N","N",NULL,NULL,NULL,NULL,"Y","0.16",NULL,NULL,NULL
"41","41",1,1,"company_skylight","2024-07-16 00:00:00","2024-07-16 00:00:00","Срабатывание сигнализация GEAR о неудачной попытке выпуска шасси","Срабатывание сигнализация GEAR о неудачной попытке выпуска шасси",NULL,NULL,NULL,2,2,"precursor","precursor","2422","RA-73538","342","aircraft_type_342","23200","МАХАЧКАЛА/УЙТАШ","МАХАЧКАЛА/УЙТАШ","URML","MCX","3538",NULL,"10731","1708","ОТКЛОНЕНИЯ, ВЫЯВЛЕННЫЕ ПО ДАННЫМ ССПИ",NULL,NULL,NULL,NULL,NULL,59,59,"Посадка","Посадка",NULL,"0.08",NULL,NULL,NULL,"Заход на посадку выполнялся по правилам ПВП и высота стабилизации в данном случае составляет 500 ft. Экипаж действовал в рамках прописанных нормальных процедур. В данном случае возможно срабатывание сигнализации ""GEAR"" при высоте по радиовысотомеру ниже 1000 ft и вертикальной скорости более 400 ft. (FCOM Vol.2 p. 03-10-16).",NULL,NULL,1,1,"liveware","liveware",NULL,NULL,NULL,NULL,NULL,NULL,NULL,NULL,NULL,NULL,NULL,NULL,NULL,NULL,NULL,NULL,NULL,NULL,NULL,NULL,NULL,NULL,NULL,NULL,NULL,"Y","N","Y","N",0,"0.1",9,9,NULL,NULL,NULL,NULL,8,8,NULL,NULL,NULL,NULL,"Y",7334,"2024-07-29 14:03:56.15958","0",NULL,NULL,NULL,NULL,"N","N",NULL,NULL,NULL,NULL,"Y","0.08",NULL,NULL,NULL
"33","33",1,1,"company_skylight","2024-04-20 00:00:00","2024-04-20 00:00:00","Превышена максимально допустимая скорость (160 knots) без перебалансировки после взлета в наборе высоты/","Превышена максимально допустимая скорость (160 knots) без перебалансировки после взлета в наборе высоты/",NULL,NULL,NULL,2,2,"precursor","precursor","6","RA-02752","3","aircraft_type_3","22968","УФА","УФА","UWUU","UFA","2752",NULL,"10731","1708","ОТКЛОНЕНИЯ, ВЫЯВЛЕННЫЕ ПО ДАННЫМ ССПИ",NULL,NULL,NULL,NULL,NULL,18,18,"Начальный набор высоты","Начальный набор высоты",NULL,"0.24",NULL,NULL,NULL,"Повторное отклонение в технике пилотирования в двух последовательных полетах. Принято решение провести дополнительное занятие с пилотирующим членом экипажа. Дополнительное ТО не предусмотрено.",NULL,NULL,1,1,"liveware","liveware",NULL,NULL,NULL,NULL,NULL,NULL,NULL,NULL,NULL,NULL,NULL,NULL,NULL,NULL,NULL,NULL,NULL,NULL,NULL,NULL,NULL,NULL,NULL,NULL,NULL,"Y","N","Y","N",0,"0.1",7,7,NULL,NULL,NULL,NULL,8,8,NULL,NULL,NULL,NULL,"N",7334,"2024-04-25 13:05:46.044996","0",NULL,NULL,NULL,NULL,"N","N",NULL,NULL,NULL,NULL,"Y","0.24",NULL,NULL,NULL
"28","28",1,1,"company_skylight","2024-02-22 00:00:00","2024-02-22 00:00:00","При уходе на 2-й круг не убраны шасси","При уходе на 2-й круг не убраны шасси",NULL,NULL,NULL,2,2,"precursor","precursor","6","RA-02752","3","aircraft_type_3","23825","МОСКВА / ВНУКОВО","МОСКВА / ВНУКОВО","UUWW","VKO","02752",NULL,NULL,NULL,NULL,NULL,NULL,NULL,NULL,NULL,55,55,"Уход на второй круг","Уход на второй круг",NULL,"0.16",NULL,NULL,NULL,"Уход на второй круг был выполнен по команде диспетчера вышки с высоты 1146ft. По команде диспетчера экипаж занял высоту 2200ft и изменил курс для повторного захода на посадку. Вариант ухода на второй круг с высоты выше высоты стабилизации (без уборки шасси и установления РУД на взлетный режим (detent)  оговаривался экипажем на предпосадочном инструктаже (approach briefing). Действия экипажа считаю верными из-за небольшой разницы текущей и занимаемой высоты, что позволило выполнить уход на второй круг безопасно, без резких эволюций в показаниях вариометра, что привело уменьшению значений продольной перегрузки.",NULL,NULL,1,1,"liveware","liveware",NULL,NULL,NULL,NULL,NULL,NULL,NULL,NULL,NULL,NULL,NULL,NULL,NULL,NULL,NULL,NULL,NULL,NULL,NULL,NULL,NULL,NULL,NULL,NULL,NULL,"N","N","Y","N",0,"0.1",8,8,NULL,NULL,NULL,NULL,8,8,NULL,NULL,NULL,NULL,"N",7334,"2024-03-19 12:20:09.439182","0",NULL,NULL,NULL,NULL,"N","N",160,"40","ЭКИПАЖ ВС",NULL,"Y","0.16",NULL,NULL,NULL
"35","35",1,1,"company_skylight","2024-06-04 00:00:00","2024-06-04 00:00:00","Не выполнена предполетная проверка радиовысотомера
Отключение левого генератора в полете
Отключение правого генератора в полете","Не выполнена предполетная проверка радиовысотомера
Отключение левого генератора в полете
Отключение правого генератора в полете",NULL,NULL,NULL,1,1,"deviation","deviation","2262","RA-25354","362","aircraft_type_362","44491","Бодайбо","Бодайбо",NULL,NULL,"25354",NULL,"10731","1708","ОТКЛОНЕНИЯ, ВЫЯВЛЕННЫЕ ПО ДАННЫМ ССПИ",NULL,NULL,NULL,NULL,NULL,4,4,"Опробование двигателей","Опробование двигателей",NULL,"0.16",NULL,NULL,NULL,"04.06.24г  производились процедуры опробования двигателей с целью регулировки соосности НВ и  работы автоматики ВС. Полная проверка оборудования производилась перед первым запуском. В дальнейшем не задействованное оборудование для данных процедур не включалось. Факты проверки радиовысотомера А-037, возможно проверить по дополнительным материалам по диаграммам дешифрирования ОК где отобразиться отклонения стрелки на заданную высоту в районе 14-15м и по записям звуковых переговоров, где прозвучит характерный звук при срабатывание Ноп. Запросив опыт по данной ситуации в других АК с аналогичными ВС, следуют комментарии что данная проблема существует и у них на регулярной основе из-за некорректного алгоритма записываемой информации на БУР. Учет данной ошибки не ведется в виду плавающего дефекта который заложен производителем.",NULL,NULL,2,2,"hardware","hardware",NULL,NULL,NULL,NULL,NULL,NULL,NULL,NULL,NULL,NULL,NULL,NULL,NULL,NULL,NULL,NULL,NULL,NULL,NULL,NULL,NULL,NULL,NULL,NULL,NULL,"N","N","Y","N",0,"1",6,6,NULL,NULL,NULL,NULL,9,9,NULL,NULL,NULL,NULL,"N",7334,"2024-06-05 12:22:31.162447","0",NULL,NULL,NULL,NULL,"N","N",7762,"MASHINE","УТОЧНЯЮЩИЕ ХАРАКТЕРИСТИКИ ФАКТОРОВ ТЕХНИКИ",NULL,"Y","0.16",NULL,NULL,NULL
"34","34",1,1,"company_skylight","2024-04-28 00:00:00","2024-04-28 00:00:00","В полете обороты N2 левого двигателя меньше 76% при наличии обледенения","В полете обороты N2 левого двигателя меньше 76% при наличии обледенения",NULL,NULL,NULL,2,2,"precursor","precursor","2422","RA-73538","342","aircraft_type_342",NULL,NULL,NULL,NULL,NULL,"LSK3538",NULL,"10731","1708","ОТКЛОНЕНИЯ, ВЫЯВЛЕННЫЕ ПО ДАННЫМ ССПИ",NULL,NULL,NULL,NULL,NULL,22,22,"Полет по маршруту","Полет по маршруту",NULL,"0.16",NULL,NULL,NULL,"При выполнении снижения для захода на посадку на ВС RA-73538 28/04/2024г. экипажем было допущено установка режима ниже 76% при наличии сообщения на EICAS ICE. Экипаж не придал этому значения по причине визуальной оценки состояния передней кромки крыла(Отсутствие отложений льда и инея) и отсутствия условий, вызывающих образования инея и льда на критических поверхностях ВС. По процедурам BD-700 экипаж имеет право на установку режима ниже указанных значений, но только на финальных этапах захода на посадку из условий прогретости передней кромки крыла. В данном случае отсутствие отложений инея или льда оценивалось только визуально.",NULL,NULL,1,1,"liveware","liveware",NULL,NULL,NULL,NULL,NULL,NULL,NULL,NULL,NULL,NULL,NULL,NULL,NULL,NULL,NULL,NULL,NULL,NULL,NULL,NULL,NULL,NULL,NULL,NULL,NULL,"Y","N","Y","N",0,"0.1",8,8,NULL,NULL,NULL,NULL,8,8,NULL,NULL,NULL,NULL,"N",7334,"2024-05-08 10:25:49.329574","0",NULL,NULL,NULL,NULL,"N","N",NULL,NULL,NULL,NULL,"Y","0.16",NULL,NULL,NULL
"44","44",1,1,"company_skylight","2024-09-06 00:00:00","2024-09-06 00:00:00","На послеполетном осмотре обнаружено повреждение законцовок двух лопастей несущего винта","На послеполетном осмотре обнаружено повреждение законцовок двух лопастей несущего винта",NULL,NULL,NULL,4,4,"aviation_incident","aviation_incident","3","RA-07331","2","aircraft_type_2","23200","МАХАЧКАЛА/УЙТАШ","МАХАЧКАЛА/УЙТАШ","URML","MCX","7331",NULL,"528","170298","ПРОЧИЕ СОБЫТИЯ",NULL,NULL,NULL,NULL,NULL,15,15,"Взлет","Взлет",NULL,"0.24",NULL,NULL,NULL,NULL,NULL,NULL,3,3,"environment","environment",NULL,NULL,NULL,NULL,NULL,NULL,NULL,NULL,NULL,NULL,NULL,NULL,NULL,NULL,NULL,NULL,NULL,NULL,NULL,NULL,NULL,NULL,NULL,NULL,NULL,"Y","N","Y","N",0,"1",8,8,NULL,NULL,NULL,NULL,7,7,NULL,NULL,NULL,NULL,"Y",7334,"2024-09-11 15:16:29.172345","0",NULL,NULL,NULL,NULL,"N","N",NULL,NULL,NULL,NULL,"N","0.24",NULL,NULL,NULL
"36","36",1,1,"company_skylight","2024-06-08 00:00:00","2024-06-08 00:00:00","Скорость полета с закрылками в положении 6 град больше максимальной 210 knots","Скорость полета с закрылками в положении 6 град больше максимальной 210 knots",NULL,NULL,NULL,2,2,"precursor","precursor","2422","RA-73538","342","aircraft_type_342","24207","ГОРНО-АЛТАЙСК","ГОРНО-АЛТАЙСК","UNBG","RGK","3538",NULL,"365","170223","ОТКЛОНЕНИЕ ОТ ЛЕТНЫХ ОГРАНИЧЕНИЙ",NULL,NULL,NULL,NULL,NULL,40,40,"Заход на посадку","Заход на посадку",NULL,"0.08",NULL,NULL,NULL,"Причина в отклонении от требований SOP в части контроля скорости со стороны двух пилотов, PF И PM и не учета ими наличия положительного trend vector при переводе ручки управления механизацией крыла. Выполнены работы по осмотру ВС",NULL,NULL,1,1,"liveware","liveware",NULL,NULL,NULL,NULL,NULL,NULL,NULL,NULL,NULL,NULL,NULL,NULL,NULL,NULL,NULL,NULL,NULL,NULL,NULL,NULL,NULL,NULL,NULL,NULL,NULL,"Y","N","Y","N",0,"0.1",9,9,NULL,NULL,NULL,NULL,8,8,NULL,NULL,NULL,NULL,"N",7334,"2024-06-18 10:28:30.231693","0",NULL,NULL,NULL,NULL,"N","N",160,"40","ЭКИПАЖ ВС",NULL,"Y","0.08",NULL,NULL,NULL
"46","46",1,1,"company_skylight","2024-09-30 00:00:00","2024-09-30 00:00:00","Возврат на аэродром вылета FRU после срабатывания сигнализации WARNING CABIN ALT","Возврат на аэродром вылета FRU после срабатывания сигнализации WARNING CABIN ALT",NULL,NULL,NULL,4,4,"aviation_incident","aviation_incident","7","RA-73533","342","aircraft_type_342","42524","БИШКЕК","БИШКЕК","UCFM","FRU","LSK3533",NULL,"510","170260","РАЗГЕРМЕТИЗАЦИЯ ВС",NULL,NULL,NULL,NULL,NULL,23,23,"Набор заданной высоты","Набор заданной высоты",NULL,"0.08",NULL,NULL,NULL,"Срабатывание сигнализации «CABIN ALT» произошло по причине неполного закрытия вентиляционного клапана входной двери.
Вероятной причиной некорректной работы вентиляционного клапана явилась разрегулировка кинематического механизма управления клапаном",NULL,NULL,2,2,"hardware","hardware",NULL,NULL,NULL,NULL,NULL,NULL,NULL,NULL,NULL,NULL,NULL,NULL,NULL,NULL,NULL,NULL,NULL,NULL,NULL,NULL,NULL,NULL,NULL,NULL,NULL,"Y","N","Y","Y",1,"1",9,9,NULL,NULL,NULL,NULL,8,8,NULL,NULL,NULL,NULL,"Y",7334,"2024-10-01 14:12:21.161494","0",NULL,NULL,NULL,NULL,"Y","N",NULL,NULL,NULL,NULL,"N","0.08",1,"ПМУ",NULL
